Area,Year,agricultural_water_withdrawal,agricultural_water_withdrawal_as_percent_of_total_water_withdrawal,agricultural_water_withdrawal_per_capita,environmental_flow_requirements,industrial_water_withdrawal,industrial_water_withdrawal_as_percent_of_total_water_withdrawal,industrial_water_withdrawal_per_capita,irrigation_water_requirement,irrigation_water_withdrawal,municipal_water_withdrawal,municipal_water_withdrawal_as_percent_of_total_withdrawal,municipal_water_withdrawal_per_capita,total_water_withdrawal,total_water_withdrawal_per_capita,water_withdrawal_for_aquaculture,water_withdrawal_for_livestock_watering_cleaning
Australia and New Zealand,2000,16.71108571,69.0395643,726.757111,447.6,0.2,0.826272637,8.697904175,,1.732857143,0.62,2.561445174,26.96350294,24.20508571,1052.66758,,0.248
Australia and New Zealand,2001,16.82257143,68.59662681,723.2032331,447.6,2.550166667,10.39869748,109.6317995,,1.865714286,5.151166667,21.00467571,221.4489267,24.52390476,1054.283959,0.044,0.2518
Australia and New Zealand,2002,16.33055714,67.46359371,693.42796,447.6,2.699583333,11.15231964,114.6296815,,1.998571429,5.176333333,21.38408665,219.7974161,24.20647381,1027.855058,0.04575,0.2556
Australia and New Zealand,2003,15.83854286,66.30044976,664.2001295,447.6,2.849,11.92596965,119.4747639,,2.131428571,5.2015,21.7735806,218.1284607,23.88904286,1001.803354,0.0475,0.2594
Australia and New Zealand,2004,15.34652857,65.10597847,635.872848,447.6,2.998416667,12.72045662,124.2373307,,2.264285714,5.226666667,22.17356491,216.5633357,23.57161191,976.6735144,0.04925,0.2632
Australia and New Zealand,2005,14.85451429,63.87889694,607.9569488,447.6,3.147833333,13.53663386,128.8326977,,2.397142857,5.251833333,22.58446919,214.9439899,23.25418095,951.7336365,0.051,0.267
Australia and New Zealand,2006,13.8285,61.47297763,558.1297019,447.6,3.3425,14.85869239,134.9060656,,13.27,5.32425,23.66832998,214.8911353,22.49525,907.9269028,0.068625,0.2688
Australia and New Zealand,2007,12.69375,59.33669117,504.0839987,447.6,3.47525,16.24498954,138.0063351,1.492,10.2335,5.22375,24.41831929,207.441362,21.39275,849.5316958,0.08625,0.2706
Australia and New Zealand,2008,11.559,56.9682483,450.8821105,447.6,3.608,17.7819396,140.7373177,1.492,8.95,5.12325,25.2498121,199.8427003,20.29025,791.4621285,0.103875,0.2724
Australia and New Zealand,2009,10.42425,54.32763091,399.5294986,447.6,3.74075,19.49551146,143.3714629,1.492,9.2335,5.02275,26.17685763,192.506587,19.18775,735.4075485,0.1215,0.2742
Australia and New Zealand,2010,10.566,55.99067352,398.8170616,447.6,3.757,19.90885486,141.809171,5.384,9.396,4.548,24.10047162,171.6657199,18.871,712.2919525,0.139125,1.0387
Australia and New Zealand,2011,10.557,57.13742271,392.9432499,447.6,3.91,21.16200841,145.534537,5.384,11.16733333,4.009507163,21.70056888,149.238304,18.47650716,687.7160909,0.15675,1.0738
Australia and New Zealand,2012,12.794,60.63790376,469.1891543,447.6,3.872,18.35156818,141.9962799,5.384,12.93866667,4.433014326,21.01052806,162.5701299,21.09901433,773.7555642,0.174375,1.1089
Australia and New Zealand,2013,16.177,65.31537686,584.1311952,447.6,3.703,14.95103174,133.710689,5.384,14.71,4.887521489,19.73359139,176.4822754,24.76752149,894.3241596,0.192,1.144
Australia and New Zealand,2014,15.017,63.63397503,533.9836671,447.6,3.847,16.30151841,136.793978,5.384,12.449,4.735028651,20.06450656,168.3710437,23.59902865,839.1486888,0.226,2.186
Australia and New Zealand,2015,12.607,56.7153865,441.3283736,447.6,3.952,17.77894879,138.3461357,5.384,11.208,4.522535814,20.34563073,158.3186623,22.22853581,778.1457569,0.182,2.278
Australia and New Zealand,2016,14.357,65.70329603,494.2384234,447.6,4.744,21.71041557,163.3117699,5.384,12.96,4.360042977,19.95327676,150.0940842,21.85126298,752.227747,0.00016,1.8276895
Australia and New Zealand,2017,15.297772,68.69178518,517.7298201,447.6,3.900045,17.51242294,131.9910897,5.384,13.789261,3.072345233,13.79579188,103.9788503,22.27016223,753.6997601,0.0001319,1.377379
Australia and New Zealand,2018,15.83472688,69.60195172,527.3925937,447.6,4.130491769,18.15568345,137.5704667,5.384,14.45777815,2.785187757,12.24236485,92.76367102,22.7504064,757.7267312,0.000741598,1.237816
Australia and New Zealand,2019,13.657,66.39398663,448.1213929,447.6,3.924,19.07666424,128.7565604,5.384,12.15,2.988633928,14.52934913,98.06478719,20.56963393,674.9427405,0.0007586,1.376
Australia and New Zealand,2020,11.627,62.98142029,377.2833561,447.6,4.164,22.55565787,135.1172181,5.384,10.31,2.67,14.46292184,86.63856203,18.461,599.0391362,0.0007436,1.186
Australia and New Zealand,2021,14.047,65.84171178,452.1355737,447.6,4.374,20.5020038,140.7874279,5.384,12.53,2.9135,13.65628442,93.7778169,21.3345,686.7008185,0.0007436,1.386
Australia and New Zealand,2022,14.397,66.44360347,459.4290953,447.6,4.294,19.81724202,137.0277513,5.384,12.78,2.977,13.73915451,95.00037624,21.668,691.4572228,0.0007436,1.486
Central Asia,2000,110.7704286,85.99027838,1971.680683,70.633,7.920957143,6.148981443,140.9906813,,,6.716,5.213581973,119.5428025,128.8173857,2292.911153,8.468,
Central Asia,2001,111.3858425,88.24397716,1960.30826,70.633,7.982939137,6.32437914,140.4938112,,,6.856085024,5.431643705,120.6620141,126.2248667,2221.464085,8.388333333,
Central Asia,2002,111.997685,88.0923791,1948.665437,70.633,7.913278275,6.224231417,137.6843804,,,7.225670048,5.683389483,125.7205761,127.1366333,2212.070393,8.308666667,
Central Asia,2003,111.9695275,87.94657011,1925.843871,70.633,7.813617412,6.137213104,134.3919863,,,7.532255072,5.916216791,129.5526344,127.3154,2189.788492,8.229,
Central Asia,2004,112.0726667,87.44027488,1904.987247,70.633,8.285366667,6.464330335,140.8328927,,26.25,7.8125,6.095394781,132.7952061,128.1705333,2178.615346,8.177333333,0.084
Central Asia,2005,112.3501971,87.61936203,1886.703877,70.633,7.782742769,6.069583977,130.6960853,25.438,26.25,8.092368443,6.311053994,135.8956486,128.2253083,2153.295611,8.097666667,0.084
Central Asia,2006,107.7116165,86.68115502,1786.562012,70.633,8.473618871,6.819163012,140.5479379,38.998,26.25,8.076625775,6.499681964,133.9631998,124.2618611,2061.07315,8.018,0.084
Central Asia,2007,108.1250803,86.51451213,1770.072526,70.633,9.00616164,7.206132736,147.436277,38.998,26.25,7.847883107,6.279355138,128.4745615,124.979125,2045.983364,7.938333333,0.084
Central Asia,2008,105.048544,86.25072551,1695.774104,70.633,9.044704408,7.426207801,146.0065501,38.998,26.25,7.701140439,6.323066694,124.3177109,121.7943889,1966.098365,7.858666667,0.084
Central Asia,2009,105.3720078,86.35517175,1675.257203,70.633,9.261247177,7.589839153,147.2399678,43.279,26.25,7.388397771,6.054989096,117.4644656,122.0216528,1939.961636,7.779,0.084
Central Asia,2010,105.7154716,85.6370745,1653.598036,70.633,10.08778995,8.17182959,157.7928887,49.727,26.25,7.642655103,6.191095914,119.5461674,123.4459167,1930.937092,7.699333333,0.084
Central Asia,2011,104.0589354,86.19060538,1601.105359,70.633,9.738332715,8.066128957,149.8390949,49.727,37.49,6.933912435,5.743265661,106.6888135,120.7311806,1857.633267,7.619666667,0.084
Central Asia,2012,102.8417992,86.12866561,1556.154059,70.633,9.893875484,8.285991686,149.7095016,49.727,37.57,6.669169767,5.585342704,100.9147612,119.4048444,1806.778322,7.54,0.084
Central Asia,2013,103.434663,86.36431676,1538.429731,70.633,10.08541825,8.420970606,150.0049098,49.727,37.88,6.245427099,5.214712638,92.89101403,119.7655083,1781.325655,7.460333333,0.084
Central Asia,2014,102.4775268,85.72930257,1497.368106,70.633,10.97196102,9.178778956,160.318706,49.727,84.79,6.086684431,5.091918469,88.93664224,119.5361722,1746.623454,7.942466667,0.084
Central Asia,2015,105.4415017,86.79880393,1512.898932,70.633,9.62250379,7.921186692,138.0658989,49.727,86.38,6.091052874,5.014117741,87.39582843,121.4780583,1742.995138,8.104,0.084
Central Asia,2016,105.4183655,85.5906843,1485.135907,70.633,10.61691323,8.620024264,149.5712724,49.727,87.63,6.140421317,4.985496219,86.50637052,123.1657,1735.160688,7.4054,0.084
Central Asia,2017,108.9767545,85.23451101,1507.613767,70.633,12.40007826,9.698532609,171.5460217,49.727,91.654,6.33636721,4.955893237,87.6590102,127.8552,1768.783265,5.825,0.084
Central Asia,2018,106.8727419,85.98383019,1451.862134,70.633,9.6757654,7.784579626,131.444905,49.727,96.2175,7.745492702,6.231590183,105.2222238,124.294,1688.529263,8.09,3.574
Central Asia,2019,96.4208,78.02165524,1285.572939,70.633,8.5917654,6.952273347,114.5535102,49.727,94.591,7.909746351,6.400398076,105.4601898,123.5821,1647.712978,8.661,4.04
Central Asia,2020,93.1976,77.72963569,1219.355528,70.633,9.0946654,7.58522782,118.9905161,49.727,91.818,8.7426,7.291594558,114.3842506,119.8997,1568.713808,8.811,3.674
Central Asia,2021,85.0036,82.2666977,1091.654948,70.633,10.5187654,10.18008759,135.0867763,49.727,83.683,7.8045,7.553214713,100.2289437,103.3268654,1326.970668,8.72,3.706
Central Asia,2022,85.8616,82.10460384,1082.174033,70.633,9.9477654,9.512486808,125.3786722,49.727,84.798,8.7665,8.382909351,110.490355,104.5758654,1318.04306,8.818,3.351
Central and Southern Asia,2000,956.1904286,91.66466709,623.0088442,1931.393,23.65072064,2.267263266,15.4097005,,9.32,63.23432222,6.06192336,41.20051909,1043.139586,679.6608377,8.468,
Central and Southern Asia,2001,971.5903425,91.82624403,621.2306419,1931.393,24.27295719,2.294068182,15.52002333,,9.32,65.68789447,6.208246792,42.00055421,1058.074794,676.5284244,8.388333333,
Central and Southern Asia,2002,986.986685,91.68356572,619.7053843,1931.393,24.76355089,2.30034577,15.5484426,,9.32,68.37096672,6.35114345,42.92849827,1076.514288,675.9176298,8.308666667,
Central and Southern Asia,2003,1001.743028,91.54852874,617.9399507,1931.393,25.2241446,2.305215273,15.55988536,,9.32,70.99103896,6.487816727,43.79186868,1094.220783,674.9862168,8.229,
Central and Southern Asia,2004,1016.630667,91.3740192,616.1828385,1931.393,26.25614841,2.359883375,15.91392881,,35.57,73.58477111,6.613745295,44.5999463,1112.603643,674.3523421,8.177333333,0.084
Central and Southern Asia,2005,1030.942697,91.31584106,614.3434747,1931.393,26.28877908,2.328530944,15.66560385,25.438,35.57,75.75312678,6.709839939,45.14163518,1128.985601,672.7676902,8.097666667,0.084
Central and Southern Asia,2006,1040.476616,91.14307599,609.9008137,1931.393,27.44540974,2.404147317,16.0877981,468.235,35.57,77.79333133,6.814495777,45.6004636,1141.586023,669.168565,8.018,0.084
Central and Southern Asia,2007,1055.06258,91.04258196,608.7928713,1931.393,28.44370708,2.454440695,16.41260568,468.3388,35.57,79.62053589,6.870549008,45.94269151,1158.867156,668.6902526,7.938333333,0.084
Central and Southern Asia,2008,1097.976544,90.85792935,624.0310108,1931.393,28.94800441,2.395457129,16.45249395,619.7988,35.57,81.52974044,6.74661352,46.33713408,1208.454289,686.8206388,7.858666667,0.084
Central and Southern Asia,2009,1111.260016,90.80839115,622.0076606,1931.393,29.86454718,2.440429281,16.71613921,624.0798,35.57000022,82.61699777,6.75118023,46.24336768,1223.741553,684.9671629,7.779,0.084
Central and Southern Asia,2010,1124.563488,90.67409117,619.9899212,1931.393,31.39108995,2.531078577,17.30641231,630.5278,35.57000043,84.2712551,6.794831552,46.46009708,1240.225817,683.7564217,7.699333333,0.084
Central and Southern Asia,2011,1122.90696,90.73914385,609.9964054,1931.393,31.04163272,2.508392305,16.86273668,641.4278,46.81000065,83.56251244,6.752465796,45.39363816,1237.511081,672.2527671,7.619666667,0.084
Central and Southern Asia,2012,1121.689831,90.7380419,600.7214128,1931.393,31.19717548,2.523666112,16.70765911,641.4278,46.89000087,83.29776977,6.738294591,44.61015206,1236.184744,662.0392067,7.54,0.084
Central and Southern Asia,2013,1122.282703,90.75952211,592.9278875,1931.393,31.38871825,2.538420186,16.58338523,641.4278,47.20000109,82.8740271,6.702060963,43.78426369,1236.545408,653.2955151,7.460333333,0.084
Central and Southern Asia,2014,1121.325575,90.69894021,584.752744,1931.393,32.27526102,2.610599485,16.83101489,641.4278,94.1100013,82.71528443,6.690464218,43.13465297,1236.316072,644.7183867,7.942466667,0.084
Central and Southern Asia,2015,1124.289558,90.79606963,579.0629527,1931.393,30.92580379,2.497525139,15.92826966,641.4278,95.70000152,82.71965287,6.680324751,42.6045818,1238.257958,637.7621356,8.104,0.084
Central and Southern Asia,2016,1124.26643,90.67062538,572.0154546,1931.393,31.92021323,2.574323682,16.24068352,641.4278,96.95000174,82.76902132,6.675213922,42.11204577,1239.9456,630.8718532,7.4054,0.084
Central and Southern Asia,2017,1127.824827,90.61489805,566.9088468,1931.393,33.70337826,2.707892318,16.94123311,641.4278,100.974002,82.96496721,6.665806485,41.70290701,1244.6351,625.6243277,5.825,0.084
Central and Southern Asia,2018,1125.720822,90.70538204,559.1841759,1931.393,30.9790654,2.496149939,15.38836523,641.4278,105.5375022,84.3740927,6.798474507,41.91150821,1241.0739,616.4840093,8.09,3.574
Central and Southern Asia,2019,1115.268889,89.91479009,547.5777929,1931.393,29.8950654,2.410188751,14.67796161,641.4278,103.9110024,84.53834635,6.815618856,41.5068703,1240.362,608.9963535,8.661,4.04
Central and Southern Asia,2020,1112.045778,89.9218988,539.8431836,1931.393,30.3979654,2.458030795,14.75670762,641.4278,101.1380057,85.3712,6.903259341,41.44349206,1236.6796,600.3467351,8.811,3.674
Central and Southern Asia,2021,1103.851868,90.47174391,530.4098177,1931.393,31.8220654,2.608137771,15.29076174,641.4278,93.00300893,84.4331,6.920140302,40.57079257,1220.106765,586.2712431,8.72,3.706
Central and Southern Asia,2022,1104.709868,90.44947422,525.5995387,1931.393,31.2510654,2.558719276,14.86865107,641.4278,94.11800893,85.3951,6.99182846,40.62933306,1221.355765,581.0973952,8.818,3.351
Eastern Asia,2000,458.4303846,67.90948482,304.3796995,1786.06,134.9409231,19.98944414,89.59545222,3.124,72.21314286,81.6896,12.10107104,54.23867339,675.0609077,448.2138251,8.2,
Eastern Asia,2001,453.8276538,67.25824207,299.3177957,1786.06,136.3941692,20.21391154,89.957502,3.124,71.95657143,84.53214,12.52784639,55.7523844,674.7539631,445.0276821,8.2,
Eastern Asia,2002,449.2249231,66.60640655,294.531935,1786.06,137.8474154,20.43858326,90.37892578,3.124,71.7,87.37468,12.9550102,57.28674489,674.4470185,442.1976056,8.2,
Eastern Asia,2003,444.6746923,65.94758056,289.9481964,1786.06,140.8986615,20.89600779,91.87235859,3.124,69.76,88.71172,13.15641165,57.84409065,674.2850738,439.6646456,8.2,
Eastern Asia,2004,440.2644615,65.29564534,285.5342769,1786.06,143.9499077,21.34921835,93.35896125,3.124,69.43,90.04876,13.35513631,58.40127882,674.2631292,437.294517,8.2,
Eastern Asia,2005,435.8542308,64.4652565,281.1264987,1786.06,147.0011538,21.74228542,94.81591956,3.124,69.1,91.3858,13.51646634,58.94395,676.1071846,436.0899405,8.2,
Eastern Asia,2006,443.924,64.33610504,284.7562537,1786.06,152.901,22.15932186,98.07876112,302.266,68.864,93.18257778,13.50457311,59.77221723,690.0075778,442.6072321,8.2,0.13
Eastern Asia,2007,437.3,63.29434345,279.0099005,1786.06,158.8996667,22.99897113,101.3825296,302.266,68.64566667,94.69935556,13.70668542,60.42089588,690.8990222,440.8133259,8.2,0.124333333
Eastern Asia,2008,443.671,63.57415875,281.5292761,1786.06,157.7213333,22.60008223,100.0813053,302.266,68.62733333,96.48713333,13.82575902,61.22544139,697.8794667,442.8360228,8.2,0.118666667
Eastern Asia,2009,449.542,63.82276914,283.5873243,1786.06,156.543,22.22485941,98.75297637,302.266,68.609,98.27491111,13.95237145,61.99536214,704.3599111,444.3356628,8.2,0.113
Eastern Asia,2010,446.0557833,62.99053373,279.7012349,1786.06,162.0597619,22.88554768,101.6202843,302.266,68.52955,100.0159103,14.12391859,62.71541513,708.1314556,444.0369343,8.2,0.109983333
Eastern Asia,2011,451.4695667,62.93986874,281.4598905,1786.06,163.4765238,22.79044195,101.9162484,302.266,68.4501,102.3569095,14.26968931,63.81241766,717.303,447.1885566,8.2,0.106966667
Eastern Asia,2012,464.98335,64.51162206,288.0975414,1786.06,159.5932857,22.14191483,98.88189164,302.266,68.37065,96.19790873,13.34646312,59.6029535,720.7745444,446.5823865,8.2,0.10395
Eastern Asia,2013,469.0971333,64.69804758,288.8302898,1786.06,157.7100476,21.75142724,97.10449185,302.266,68.2912,98.24890794,13.55052519,60.49335742,725.0560889,446.4281391,8.2,0.100933333
Eastern Asia,2014,463.7109167,64.74441498,283.8453784,1786.06,152.6268095,21.31011615,93.425479,302.266,68.21175,99.87990714,13.94546888,61.13819844,716.2176333,438.4090559,8.2,0.097916667
Eastern Asia,2015,461.9247,64.68633078,281.2408678,1786.06,150.4435714,21.06759527,91.5969217,302.266,68.1323,101.7311286,14.24607395,61.93856029,714.0994,434.7763498,8.2,0.0949
Eastern Asia,2016,453.4209,62.98193055,274.6473513,1786.06,147.7612,20.52460669,89.50231939,302.266,68.00235,118.7401,16.49346277,71.92357909,719.9222,436.0732498,8.2,0.5248
Eastern Asia,2017,453.1609,62.95281105,273.047117,1786.06,144.4612,20.06845389,87.04350747,302.266,67.9161,122.2201,16.97873506,73.64237724,719.8422,433.7330017,8.2,0.5248
Eastern Asia,2018,445.6309,62.16496232,267.3922243,1786.06,142.5212,19.88153207,85.51709649,302.266,67.7161,128.7001,17.95350562,77.22401208,716.8522,430.1333328,8.2,0.5248
Eastern Asia,2019,444.3509,61.99764707,265.8801538,1786.06,137.8212,19.22937506,82.46618124,302.266,67.5161,134.5501,18.77297787,80.508898,716.7222,428.8552331,8.2,0.5248
Eastern Asia,2020,437.2609,62.71741135,261.253068,1786.06,121.8012,17.47024709,72.77334237,302.266,67.4161,138.1301,19.81234156,82.52947475,697.1922,416.5558851,8.2,0.5248
Eastern Asia,2021,437.0609,62.70671322,261.1730097,1786.06,121.8012,17.47526013,72.78433278,302.266,67.2161,138.1301,19.81802666,82.54193855,696.9922,416.499281,8.2,0.5248
Eastern Asia,2022,437.0609,62.70671322,261.4883947,1786.06,121.8012,17.47526013,72.87222504,302.266,67.2161,138.1301,19.81802666,82.64161381,696.9922,417.0022336,8.2,0.5248
Eastern and South-Eastern Asia,2000,650.7901471,72.24108469,320.0758124,5264.575,153.8863552,17.08218427,75.68538085,4.3977,74.72344286,109.2523146,12.12757407,53.73317883,900.8587702,443.0661773,8.2,
Eastern and South-Eastern Asia,2001,654.790748,71.72726896,319.2441112,5264.575,159.6735043,17.49099911,77.84903212,4.3977,74.46687143,112.5138584,12.32502415,54.85628323,912.8895572,445.0805333,8.2,
Eastern and South-Eastern Asia,2002,658.7913489,71.22682001,318.6292239,5264.575,165.4606535,17.88917873,80.0262476,4.5897,74.2103,115.7754022,12.51733762,55.99561471,924.9203442,447.3444467,8.2,
Eastern and South-Eastern Asia,2003,662.8444497,70.73387965,318.1636734,5264.575,172.8458027,18.44483153,82.96555177,4.5897,72.2703,117.531446,12.54209062,56.4147993,937.0961313,449.8037927,8.2,
Eastern and South-Eastern Asia,2004,668.1085506,70.28401572,318.3264222,5264.575,180.2265143,18.95955853,85.87056915,4.5897,71.9403,119.4388148,12.56478386,56.90771439,950.5839183,452.9143916,8.2,
Eastern and South-Eastern Asia,2005,675.4946515,69.7638604,319.4527723,5264.575,187.607826,19.37579543,88.72289363,82.7707,74.8033,121.1562086,12.51279311,57.29680705,968.2587053,457.9058132,8.2,
Eastern and South-Eastern Asia,2006,758.2137524,70.89020403,355.8500833,5264.575,192.8478526,18.03056668,90.50867807,428.4913,76.89941111,123.9145808,11.58555868,58.15644173,1069.560686,501.9735635,8.2,0.255
Eastern and South-Eastern Asia,2007,811.986084,71.43490567,378.1613321,5264.575,197.3167366,17.35904438,91.89512162,462.6813,143.3751889,127.4290969,11.21064227,59.34677698,1136.679717,529.3789199,8.954,0.399333333
Eastern and South-Eastern Asia,2008,825.3834156,71.71168752,381.4218136,5264.575,195.5387382,16.98896855,90.36132632,462.6813,143.7709667,130.1082954,11.3041833,60.12495654,1150.974749,531.8823567,8.954,0.403666667
Eastern and South-Eastern Asia,2009,838.1207473,72.07490798,384.2653116,5264.575,192.8687398,16.58591166,88.42731391,462.6813,144.4817444,131.9220938,11.34475289,60.48422577,1162.846781,533.1471415,8.9535,0.408
Eastern and South-Eastern Asia,2010,842.4508623,71.71907003,383.1927544,5264.575,196.8998367,16.76237014,89.56082085,462.6813,145.1314056,135.3680137,11.52407635,61.57278051,1174.653913,534.2968811,8.953,0.414983333
Eastern and South-Eastern Asia,2011,854.8909772,71.78329473,385.8429189,5264.575,197.5099335,16.58447001,89.1433075,462.6813,145.4660667,138.5969336,11.63767638,62.55376047,1190.933044,537.5107403,8.953,0.411966667
Eastern and South-Eastern Asia,2012,875.4210922,72.89616366,391.9332337,5264.575,192.2060304,16.00496307,86.05222299,462.6813,145.8107278,133.3528535,11.10426916,59.70317093,1200.915176,537.6596162,9.393,0.40895
Eastern and South-Eastern Asia,2013,886.5512072,73.16485466,393.7343293,5264.575,188.8411273,15.58458611,83.86795255,462.6813,146.1353889,136.3897734,11.25590701,60.57330418,1211.717308,538.1468071,9.393,0.415933333
Eastern and South-Eastern Asia,2014,888.0313222,73.50014849,391.4189197,5264.575,182.2132241,15.08133632,80.31440058,462.6813,312.49005,138.0236933,11.42387853,60.83691371,1208.20344,532.541672,27.4034,0.677416667
Eastern and South-Eastern Asia,2015,889.28558,73.41992506,389.2133609,5264.575,179.454321,14.81585117,78.54172043,462.6813,318.2406,142.5568354,11.7695737,62.39280865,1211.231936,530.119529,24.343,0.9334
Eastern and South-Eastern Asia,2016,883.191784,72.37912815,383.9256131,5264.575,175.990546,14.42273639,76.50351769,462.6813,323.47065,161.112399,13.20344594,70.03595105,1220.229929,530.4369131,21.2833,1.4677
Eastern and South-Eastern Asia,2017,882.6131856,72.11414749,381.08098,5264.575,178.043424,14.5470858,76.87281768,462.6813,323.0744,163.3194704,13.34406121,70.51553823,1223.91128,528.4413576,21.283,1.456599618
Eastern and South-Eastern Asia,2018,875.0898153,71.65320196,375.6482517,5264.575,176.375271,14.44177808,75.71229952,462.6813,322.88166,169.8847244,13.91032584,72.9261141,1221.285011,524.2588488,21.28338227,1.456713505
Eastern and South-Eastern Asia,2019,873.6809688,71.90619932,373.2963659,5264.575,165.371018,13.61046172,70.65782847,462.6813,322.7125488,176.0415272,14.48867217,75.21700103,1215.028714,519.1435084,21.11418911,1.435886905
Eastern and South-Eastern Asia,2020,866.6326901,72.40173042,368.9848075,5264.575,150.101815,12.54006602,63.9086085,462.6813,322.6590083,180.3081641,15.0636172,76.76951723,1196.977869,509.6353434,21.11429349,1.431188267
Eastern and South-Eastern Asia,2021,866.4167457,72.31279459,368.1521773,5264.575,151.3462661,12.63164812,64.30907261,462.6813,322.4656151,180.4531674,15.06096563,76.67698806,1198.151379,509.1107036,21.11429349,1.421837127
Eastern and South-Eastern Asia,2022,866.492407,72.20539459,367.7290909,5264.575,152.8960098,12.74092725,64.88725142,462.6813,322.560342,180.7147071,15.05907799,76.69317631,1200.038324,509.2820182,21.11429349,1.415971502
Europe,2000,95.14128463,26.24047401,132.530022,4568.789,191.1202643,52.71198878,266.2269375,0.002,47.0912142,75.74653779,20.89129933,105.513504,362.5745656,505.0595579,4.226489474,
Europe,2001,92.64607728,26.10308887,129.0366043,4568.789,186.1717647,52.45400844,259.2983215,0.002,46.29671734,75.56635578,21.2908669,105.2481253,354.923809,494.3346166,3.956312368,
Europe,2002,88.98204877,25.41680736,123.775859,4568.789,185.9785234,53.12285309,258.6999492,0.002,44.99102049,74.92183046,21.40065056,104.2178063,350.0913686,486.9842904,3.862069263,
Europe,2003,89.61025361,25.79759951,124.4285367,4568.789,182.4799942,52.53356192,253.383042,0.8278,47.12816648,74.10793405,21.33468801,102.902753,347.3588835,482.3260268,3.828826158,
Europe,2004,86.42115945,25.40722814,119.8509839,4568.789,179.2365132,52.69430554,248.5695934,0.8278,45.21381248,73.37912087,21.57295824,101.7639649,340.1439897,471.7200291,3.365583053,
Europe,2005,85.09284963,25.40125058,117.8731601,4568.789,175.8327842,52.48822471,243.5688312,0.8278,43.90540134,72.93196835,21.77107961,101.0275437,334.9947254,464.044712,3.023337947,
Europe,2006,82.37929799,24.37600266,112.7376639,4568.789,170.5125116,50.45458675,233.3496726,1.1977,43.32049178,72.25098279,21.37903808,98.87686847,337.9524491,462.4944682,2.701892842,
Europe,2007,80.23527546,24.65970625,109.6209312,4642.259,166.4009307,51.14206995,227.3442057,20.1589,56.02324612,72.06977757,22.15010211,98.46487198,325.3699564,444.5346189,2.378367737,
Europe,2008,79.85538101,23.49240866,108.8552827,4642.259,164.5591802,48.41115853,224.3197122,29.3859,52.77391156,72.21093279,21.24351197,98.43471293,339.9199383,463.3636522,2.418792965,
Europe,2009,81.90210059,25.62878305,111.4339302,4642.259,162.1447848,50.73830199,220.6101004,43.4459,52.472777,71.81453124,22.47218359,97.70903803,319.5707749,434.7999278,2.458660623,
Europe,2010,81.12370464,25.62347028,110.1927909,4642.259,160.6555064,50.74412726,218.2232516,43.51604,53.06732161,71.59060969,22.61237782,97.24369856,316.5992107,430.0463195,2.498741941,0.046
Europe,2011,81.77464378,26.09665151,110.8947777,4642.259,157.6201761,50.30115226,213.7490741,43.58024,54.35802397,70.45879802,22.48543818,95.5493339,313.3530129,424.9387231,2.533955509,0.046
Europe,2012,84.81125239,27.41608853,114.84094,4642.259,154.1984949,49.84621107,208.7965877,43.58024,57.09140132,70.28794236,22.7212828,95.17526437,309.3484772,418.8815622,4.328337497,0.046
Europe,2013,79.6070307,26.90662502,107.6509956,4642.259,147.2778314,49.77888698,199.1608662,43.58024,54.96712026,69.4784768,23.48324396,93.95435477,295.8640507,400.0910391,4.303445295,1.046
Europe,2014,85.84439126,28.40169972,115.9011661,4642.259,143.2765451,47.40318324,193.4420921,43.58024,55.79397587,73.51239756,24.32164769,99.25136018,302.2508939,408.0782743,6.282311923,1.5132
Europe,2015,84.00468638,28.90891125,113.1689377,4642.259,133.8685056,46.06877205,180.3441834,43.58024,65.84833148,73.27213245,25.21546911,98.71031904,290.5840543,391.4673117,7.181299237,1.6611
Europe,2016,83.77481442,28.66799588,112.5888354,4642.259,132.5236506,45.34999565,178.1046438,43.58024,64.99077779,75.30737324,25.7704118,101.2090508,292.2241749,392.733541,6.757237134,1.6765
Europe,2017,85.10766158,29.29771633,114.1623482,4642.259,130.4113017,44.8931771,174.9320819,43.58024,68.67659111,75.2554604,25.90616509,100.9467292,290.492476,389.6629583,6.852066856,1.966109281
Europe,2018,85.32046801,29.28259859,114.2737636,4645.499,129.8802722,44.57584404,173.9548302,43.58024,63.06196038,74.89387926,25.7041183,100.3089371,291.3691821,390.2446133,6.821545651,2.169722005
Europe,2019,85.47414461,29.55659741,114.3339193,4645.499,127.4784094,44.08149439,170.5206439,43.58024,63.20814271,75.22975591,26.01413116,100.6305811,289.1880395,386.8304519,6.73594244,2.258502505
Europe,2020,84.50343188,29.71146943,113.0319829,4651.757,124.3083761,43.70691737,166.2751668,43.58024,62.43928641,75.04590003,26.38619421,100.3815667,284.413506,380.4321531,6.49512044,2.118674803
Europe,2021,83.20131603,29.39313847,111.4245667,4651.757,125.4224714,44.30891536,167.9678302,43.58024,62.02339741,74.48882282,26.31521216,99.75665288,283.0637365,379.0835973,6.56769044,2.109697512
Europe,2022,82.3897518,29.25067871,110.5784805,4651.757,124.343533,44.14545078,166.886277,43.58024,61.39553308,74.02857463,26.28222569,99.35662045,281.6678294,378.0373155,6.50318444,2.020507035
Europe and Northern America,2000,295.0972846,30.66210547,286.3952347,7990.789,521.4902643,54.18548499,506.1121685,0.002,239.3228508,145.2628711,15.09354951,140.9792507,962.4168989,934.0364281,4.226489474,
Europe and Northern America,2001,291.5200773,30.50952165,282.0432321,7990.789,518.0231933,54.21458438,501.1830989,0.002,235.8897631,145.4223558,15.21942006,140.6949107,955.5052376,924.443311,3.956312368,
Europe and Northern America,2002,286.7740488,30.14194494,276.3710199,7990.789,519.3113806,54.58323411,500.4728166,0.002,231.9454754,145.1174971,15.25285718,139.853208,951.4118925,916.8984299,3.862069263,
Europe and Northern America,2003,286.3202536,30.15743351,274.7678076,7990.789,517.2942799,54.4853801,496.4224968,0.8278,231.4440306,144.6432674,15.23493244,138.8072027,949.4185025,911.1113768,3.828826158,
Europe and Northern America,2004,282.0491595,29.91159041,269.615487,7990.789,515.5322275,54.67269913,492.8058387,0.8278,226.8910857,144.2541209,15.29829122,137.8949156,942.942704,901.3746286,3.365583053,
Europe and Northern America,2005,279.6388496,29.79505524,266.2759409,7990.789,513.6110271,54.72440237,489.0674514,0.8278,222.9440837,144.154135,15.3593838,137.2655409,938.5411349,893.6917175,3.023337947,
Europe and Northern America,2006,273.403298,29.51752937,257.3614674,7990.789,497.172283,53.67637323,468.0008957,1.1977,218.6805833,142.8552161,15.42312426,134.4732427,926.2404539,871.893661,2.701892842,
Europe and Northern America,2007,267.7372755,29.80161461,250.9261905,8064.259,481.9420307,53.64456869,451.6811401,20.1589,227.7047468,142.0552776,15.81205541,133.1357002,898.3985564,841.9885761,2.378367737,
Europe and Northern America,2008,263.9265746,29.44564237,246.1685727,8064.259,467.7503286,52.18576005,436.2782753,137.8859,220.7768214,141.3465908,15.7696934,131.8362448,896.3179383,836.0101967,2.418792965,
Europe and Northern America,2009,262.5424878,30.55165087,243.7812204,8064.259,452.9859816,52.71325672,420.6156357,151.9459,216.797096,140.1019472,16.3034403,130.0902721,859.3397749,797.931416,2.458660623,1.299882
Europe and Northern America,2010,260.9727046,30.96609977,241.2875086,8064.259,439.556687,52.15624463,406.4008842,154.56004,213.2054716,139.0102677,16.49446759,128.5247099,842.7690493,779.1988996,2.498741941,1.101073
Europe and Northern America,2011,261.4216438,31.49494898,240.6766107,8064.259,428.1813407,51.58543602,394.2031438,154.62424,215.41597,136.940698,16.49802302,126.0738116,830.0430775,764.1752677,2.533955509,0.856264
Europe and Northern America,2012,264.2562524,32.35615096,242.2869114,8064.259,416.4196433,50.98739092,381.79997,154.62424,219.5637543,135.9843424,16.65023957,124.6790795,816.7110256,748.8125262,4.328337497,0.95509
Europe and Northern America,2013,258.8500307,32.6049036,236.3879566,8064.259,401.1589637,50.53022132,366.3478325,154.62424,217.6850553,134.3893768,16.92776572,122.7275503,793.8990829,725.0073775,4.303445295,2.053916
Europe and Northern America,2014,264.8853913,33.48749572,240.9047185,8064.259,388.8176612,49.15533357,353.6171201,154.62424,219.7329969,137.6772976,17.40551976,125.2130608,790.99791,719.3870826,6.282311923,2.8036655
Europe and Northern America,2015,262.8436864,34.13363511,237.973392,8064.259,371.0696056,48.18816344,335.9589646,154.62424,230.6431065,136.6910324,17.75108959,123.7573141,770.0430543,697.181508,9.944299237,13.664115
Europe and Northern America,2016,263.2238144,34.08620816,237.1950565,8064.259,369.7277506,47.87795168,333.1674031,154.62424,218.0146598,138.6597732,17.95576857,124.9484695,772.2296749,695.8681217,9.520237134,13.7235075
Europe and Northern America,2017,265.1666616,34.39057925,237.8954046,8064.259,367.6184017,47.67797619,329.8104214,154.62424,209.8144721,138.5413604,17.96801154,124.292974,771.044476,691.7458495,9.615066856,14.05710928
Europe and Northern America,2018,265.379468,34.3834836,237.1344996,8067.499,366.9997055,47.54975376,327.9390534,154.62424,192.9213604,138.1687793,17.90162589,123.4631472,771.8225154,689.6756082,9.584545651,14.24447201
Europe and Northern America,2019,265.5331446,34.50531627,236.3903495,8067.499,364.5101761,47.36711467,324.5044532,154.62424,180.4528427,138.4936559,17.99687721,123.2936994,769.5427062,685.0838509,9.49894244,14.31700251
Europe and Northern America,2020,264.5624319,34.59770595,235.0954019,8073.757,361.2524761,47.24218345,321.0160847,154.62424,167.0692864,138.3113,18.08742706,122.9061528,764.682006,679.5115324,9.25812044,14.1609248
Europe and Northern America,2021,263.260316,34.48114082,233.9161689,8073.757,362.4805714,47.4767478,322.0769003,154.62424,166.8558974,137.7557228,18.04288071,122.400867,763.4907365,678.3887172,9.33069044,14.13569751
Europe and Northern America,2022,262.4487518,34.4397509,233.171461,8073.757,361.401633,47.4248101,321.0857213,154.62424,166.4305331,137.2954746,18.01655338,121.979572,762.0518294,677.0416595,9.26618444,14.04650704
Land Locked Developing Countries,2000,167.4770325,86.9096595,504.4113432,1573.159,11.00571739,5.711249696,33.1472836,3.3579,12.7062,11.10273609,5.761596073,33.43948683,192.7024377,580.3858238,8.468,0.086
Land Locked Developing Countries,2001,167.5870693,88.39628799,494.5688952,1573.159,11.14887071,5.880637389,32.90161162,4.9618,13.04987143,11.1513286,5.881933845,32.90886517,189.5860936,559.4905696,8.388333333,0.085728571
Land Locked Developing Countries,2002,173.4334569,88.30760883,499.9157654,1573.159,11.08638116,5.644884376,31.95609904,6.1066,16.01404286,12.18642112,6.204994867,35.12692507,196.3969574,566.1072381,8.308666667,0.085457143
Land Locked Developing Countries,2003,174.7650228,87.97886906,491.4536148,1573.159,11.32479162,5.701039848,31.84624526,6.1066,16.12521429,12.87193031,6.479888556,36.19692647,198.6443162,558.6041513,8.229,0.085185714
Land Locked Developing Countries,2004,176.5834854,87.43897588,485.094523,1573.159,12.0458747,5.964764738,33.09136087,9.7266,42.22598571,13.6391244,6.75369538,37.46819546,201.9505417,554.7806549,8.177333333,0.168914286
Land Locked Developing Countries,2005,181.1671393,87.60991023,486.2517332,1573.159,11.78778462,5.700408784,31.6383574,36.6856,46.08505714,13.85194201,6.698606605,37.17854593,206.7884088,555.0190977,8.097666667,0.168642857
Land Locked Developing Countries,2006,177.9505548,87.15464404,466.4683547,1573.159,12.30541692,6.026810273,32.25664338,56.2976,51.60163968,13.94093739,6.827837302,36.54389353,204.1779377,535.2191611,8.018,0.373371429
Land Locked Developing Countries,2007,179.2988455,87.31484632,459.6235092,1573.159,12.45068272,6.063226148,31.91669455,56.5049,52.05248889,13.61710225,6.631248443,34.90675192,205.3474902,526.3978906,7.938333333,0.367433333
Land Locked Developing Countries,2008,176.98374,87.2930987,443.4929758,1573.159,12.38006519,6.106178185,31.0224654,56.5049,52.7123381,13.38303794,6.600871084,33.53575487,202.7465431,508.0504444,7.858666667,0.658495238
Land Locked Developing Countries,2009,177.860079,87.51277263,435.2169899,1573.159,12.34648337,6.074859507,30.21138503,60.7859,53.3016873,13.03243196,6.412367867,31.8898757,203.2389943,497.3182507,7.779,0.652557143
Land Locked Developing Countries,2010,178.6442012,87.12027079,427.0056632,1573.159,13.14093185,6.408500994,31.41021249,67.2965,53.80416984,13.26955697,6.471228221,31.71765966,205.0546901,490.1335354,7.699333333,1.336269048
Land Locked Developing Countries,2011,178.4859902,87.53730767,416.4851484,1573.159,12.75838033,6.257265702,29.77082919,78.1965,66.62465238,12.65268198,6.205426624,29.52418914,203.8970525,475.7801667,8.119366667,1.332980952
Land Locked Developing Countries,2012,180.4806973,87.49041627,401.3139113,1607.089,13.20177548,6.399736092,29.35525092,79.7965,68.61813492,12.60347548,6.109702213,28.02488086,206.2862483,458.6947102,8.5918,1.329692857
Land Locked Developing Countries,2013,180.8213378,87.66681398,392.6339621,1607.089,13.22658492,6.412586998,28.72009745,79.7965,68.22661746,12.21181183,5.920599023,26.51662752,206.2597345,447.8706871,8.701433333,1.326404762
Land Locked Developing Countries,2014,180.0862782,87.26516582,382.0515954,1607.089,14.09344736,6.829321103,29.89913556,79.7965,115.6504,12.18701485,5.905513078,25.85465428,206.3667404,437.8053852,9.078366667,1.481716667
Land Locked Developing Countries,2015,184.4619132,88.06516753,382.6219746,1607.089,12.52024312,5.977371097,25.97023995,79.7965,131.4008,12.15694009,5.803924219,25.21665498,209.4606964,434.4759516,9.3,1.5792
Land Locked Developing Countries,2016,184.5916286,87.06302457,374.5127968,1607.089,13.61987223,6.423840989,27.63297814,79.7965,141.6139,12.20422783,5.756149371,24.76081678,212.0206937,430.1628604,8.5306,1.6184
Land Locked Developing Countries,2017,187.5870036,87.05074626,372.3375783,1607.089,15.26777876,7.0850939,30.30469948,79.7965,145.4996,12.45016902,5.777567118,24.71208395,215.4915514,427.7247402,6.7984,1.6124
Land Locked Developing Countries,2018,186.4802396,86.76189183,361.788595,1607.089,12.4979774,5.814815369,24.24721082,79.7965,150.23622,14.13762181,6.577677165,27.42826983,214.9333488,416.9902101,9.038305856,5.101750795
Land Locked Developing Countries,2019,177.3912774,82.55925428,335.9363521,1607.089,11.4647812,5.335796666,21.71153413,79.7965,149.9330332,14.14948975,6.585280514,26.79572548,214.8654066,406.9033266,9.873305856,5.55563831
Land Locked Developing Countries,2020,174.323226,83.24588027,322.1403188,1607.089,12.0303178,5.744928075,22.23140599,79.7965,143.447052,15.04886829,7.186399177,27.80953141,209.4076313,386.9744878,9.953805856,5.186068139
Land Locked Developing Countries,2021,167.1472559,86.21292907,301.7688484,1607.089,13.40571154,6.914535638,24.20276726,79.7965,136.166898,14.05040671,7.247063138,25.36670452,193.8772499,350.0273702,9.873305856,5.217752092
Land Locked Developing Countries,2022,168.1109173,85.05448906,296.9481011,1607.089,12.88970626,6.521452611,22.76814534,79.7965,137.3387711,14.95466256,7.566202147,26.41564701,197.6508461,349.1269001,10.04430586,4.862540328
Latin America and the Caribbean,2000,147.4292619,61.91357929,282.9216459,13567.25,23.04959028,9.679778746,44.23292864,44.42665,14.05288235,35.0923932,14.73720781,67.34346707,238.1210448,456.9621868,,0.43
Latin America and the Caribbean,2001,146.4633303,59.42156996,277.1838366,13567.25,30.53120964,12.38680294,57.78072782,43.15665,14.02634647,45.86866514,18.60935491,86.80707013,246.481758,466.4700659,,0.489078399
Latin America and the Caribbean,2002,152.7360653,59.73935393,285.2159182,13567.25,31.71275899,12.40374845,59.21969807,41.88665,13.99981059,46.98978709,18.37902211,87.74767924,255.6707686,477.4338848,,0.548156797
Latin America and the Caribbean,2003,157.4845804,59.48097181,290.3193047,13567.25,32.99430834,12.46175035,60.82427011,40.61665,15.12627471,49.01090903,18.51112338,90.35051556,264.7646392,488.0876957,,0.632235196
Latin America and the Caribbean,2004,160.8550955,59.3667202,292.8604394,13567.25,33.87252238,12.50131712,61.6699257,40.48265,15.09973882,50.30894006,18.56749865,91.59484969,270.951629,493.3074261,,0.691313595
Latin America and the Caribbean,2005,164.8256106,59.42789322,296.4650001,13567.25,34.55073642,12.45727207,62.14497883,39.21265,16.62995294,51.41110443,18.53627973,92.47102457,277.3539522,498.8650684,0.024,0.768391993
Latin America and the Caribbean,2006,197.7089524,69.79650035,351.4142265,13567.25,35.5460741,12.54870628,63.18073098,53.92165,33.85021118,52.27119802,18.45311831,92.9085021,283.2648506,503.4840211,12.69779706,0.920170392
Latin America and the Caribbean,2007,204.7592867,70.11182894,359.7194362,13567.25,36.3264213,12.43856568,63.81795913,53.97635,92.26736941,53.27000827,18.24023598,93.58431381,292.0467056,513.0652582,12.70159412,0.968393235
Latin America and the Caribbean,2008,222.7050806,71.1628377,386.7767257,13567.25,37.55267683,11.99952439,65.21854529,72.69455,108.7847134,53.84298519,17.20490438,93.51027581,312.9513772,543.509419,12.70539118,1.837616078
Latin America and the Caribbean,2009,233.0561757,71.93965123,400.2401049,13567.25,37.56580282,11.59579121,64.51380581,74.11955,109.8224073,54.53324983,16.83329335,93.65292967,323.9606694,556.355359,12.70918824,1.939668921
Latin America and the Caribbean,2010,242.7870219,72.53883183,412.4466085,13567.25,37.51697816,11.20915669,63.73384492,74.64735,122.6073013,55.0679526,16.45295915,93.54944143,334.6993821,568.5873319,13.90685529,2.041721764
Latin America and the Caribbean,2011,244.0363438,72.56926772,409.9990472,13567.25,37.5862435,11.17704898,63.14765981,76.92035,124.0098152,55.31832705,16.45005175,92.93886731,336.2805655,564.9761394,14.02762235,2.190594607
Latin America and the Caribbean,2012,248.2243202,72.36485615,412.6447068,13567.25,39.25499611,11.44401219,65.25696738,78.52035,125.4460663,55.60737497,16.21122253,92.44093781,343.017776,570.2280483,14.07989941,2.25622745
Latin America and the Caribbean,2013,247.8664084,72.24786904,407.8062308,13567.25,39.81720073,11.60588045,65.50989565,78.52035,126.1505083,55.47126443,16.16871231,91.26499801,343.0778121,564.4543379,14.25782647,2.540360294
Latin America and the Caribbean,2014,251.717529,72.55365674,409.9758732,13567.25,39.86469334,11.49037688,64.92818567,78.52035,156.6229404,55.44620169,15.98150395,90.30600706,346.9398241,565.0657619,15.60904353,7.897063137
Latin America and the Caribbean,2015,254.3278013,72.82810242,410.2005683,13567.25,38.83264373,11.1199316,62.63244696,78.52035,156.4158626,56.14372503,16.0770507,90.55316719,349.2165701,563.2448941,15.74086059,8.07280598
Latin America and the Caribbean,2016,263.0278236,73.91171976,420.2471925,13567.25,38.88984412,10.92817946,62.13543337,78.52035,162.9507505,56.15307866,15.77920753,89.71740456,355.8675464,568.5799138,15.67359765,8.009154378
Latin America and the Caribbean,2017,265.6655279,73.97349173,420.6625544,13567.25,35.8577332,9.984440781,56.77818182,78.52035,164.4184854,57.6967587,16.0654291,91.3587325,359.1361198,568.666619,15.60059471,8.151772777
Latin America and the Caribbean,2018,267.9098586,73.60296591,420.5958794,11207.03,36.91265229,10.14102543,57.94975046,78.52035,164.4866147,56.25738106,15.4556093,88.31934288,363.9932919,571.438765,15.75653177,7.982181176
Latin America and the Caribbean,2019,272.9834243,74.39253993,425.1021371,11207.03,36.76448137,10.01893487,57.25131349,78.52035,201.3805103,57.170313,15.57986462,89.02819758,366.9499986,571.4311374,15.81064882,8.015699574
Latin America and the Caribbean,2020,272.9014147,74.96323273,421.995712,11207.03,35.761595,9.823345076,55.29923603,78.52035,203.7255507,57.31288555,15.74326459,88.62464847,364.0470199,562.9369181,16.38822588,8.091897973
Latin America and the Caribbean,2021,261.2454364,74.20404089,401.6520755,11207.03,34.1422051,9.697737185,52.49196972,78.52035,190.8171247,58.60940799,16.64739092,90.10909696,352.0636252,541.2805969,17.44391294,8.152683469
Latin America and the Caribbean,2022,264.4767015,73.98724909,404.1963784,11207.03,34.05139736,9.525864487,52.0403174,78.52035,192.5583714,59.01604332,16.50971399,90.19346824,357.4625422,546.3054558,17.90332,8.291719961
Least Developed Countries,2000,123.2362354,91.92012305,182.8538223,4276.739,2.842648987,2.120290707,4.217827906,14.2608,48.8458,11.69437698,8.722666415,17.35172714,134.068832,198.9268685,,0.0225
Least Developed Countries,2001,124.3581235,91.79167974,180.1727072,4276.739,2.947049143,2.175286853,4.269747785,16.1185,50.2944,12.04076742,8.887575946,17.44492119,135.4786445,196.2843557,,0.0365
Least Developed Countries,2002,130.4974407,91.72744274,184.4193303,4276.739,3.071511798,2.158984277,4.340668643,19.0547,57.79616471,12.72772929,8.946398129,17.98686088,142.26652,201.0514245,,0.2735
Least Developed Countries,2003,131.240514,91.46142964,180.9050384,4276.739,3.190291461,2.223312064,4.397573448,19.3177,57.83672941,13.25496532,9.237376792,18.2709587,143.4927428,197.7938013,,0.2735
Least Developed Countries,2004,133.0542539,91.20282775,179.0574472,4276.739,3.303966958,2.264723754,4.446305712,21.4655,59.10029412,13.77735968,9.443772937,18.54084918,145.8882988,196.3288328,,0.2735
Least Developed Countries,2005,136.9942438,90.94633599,179.9917518,4276.739,3.433417454,2.279342027,4.511042253,23.0265,63.13705882,14.28535405,9.483614587,18.76900685,150.6319549,197.9098441,,0.2735
Least Developed Countries,2006,139.9301665,90.95919941,179.4870267,4276.739,3.454735972,2.245691734,4.431355321,41.7531,70.60203464,14.53732508,9.449738282,18.64688166,153.8383884,197.326964,,0.4735
Least Developed Countries,2007,140.7960891,90.98817604,176.4567717,4276.739,3.475117648,2.245762779,4.355291723,41.7531,71.13901046,14.68189611,9.488040161,18.40051103,154.7410831,193.9337388,,0.4735
Least Developed Countries,2008,173.1620118,90.41760332,212.0345581,4276.739,3.495499325,1.825196347,4.280191985,66.3239,71.67598628,14.82646714,7.741730482,18.15480992,191.5136051,234.5058378,,0.4735
Least Developed Countries,2009,174.0047677,90.4533944,208.1153552,4276.739,3.49076989,1.814616862,4.175074195,66.6719,73.42196209,14.84340762,7.716090892,17.75319774,192.3695279,230.0802049,,0.4735
Least Developed Countries,2010,174.8446666,90.49268001,204.3131223,4276.739,3.482726169,1.802521238,4.069707539,66.7345,73.95893791,14.85470524,7.688207562,17.35832878,193.2141545,225.778618,,1.1605
Least Developed Countries,2011,175.6845654,90.53162365,200.5270149,4276.739,3.474682448,1.790530904,3.96601544,77.6345,74.49591373,14.86600286,7.660566952,16.96811082,194.0587812,221.4994129,,1.1605
Least Developed Countries,2012,176.5244643,90.57027623,196.7672332,4276.739,3.466538728,1.778594097,3.864060639,69.6195,48.88288954,14.87730048,7.633169823,16.58334024,194.9033078,217.2536525,0.44,1.1605
Least Developed Countries,2013,177.3643631,90.56598039,193.0565259,4276.739,3.470359293,1.772038566,3.777396412,69.6195,49.41986536,14.96874095,7.643354481,16.29308772,195.8399416,213.1667157,0.44,1.1605
Least Developed Countries,2014,178.204262,90.56172544,189.4296459,4276.739,3.474179858,1.765545442,3.693024246,69.6195,49.95684118,15.07528143,7.66111586,16.02489857,196.7765754,209.1718604,0.44,1.3191
Least Developed Countries,2015,178.9969941,90.57635912,185.8792384,4276.739,3.470250423,1.756021938,3.603677864,69.6195,50.50620588,15.12802191,7.655107011,15.70967827,197.6199925,205.2182713,0.44,1.3975
Least Developed Countries,2016,179.1297549,90.58348238,181.6933175,4276.739,3.467940988,1.753690623,3.517571402,69.6195,59.39747059,15.1514181,7.661866198,15.36825314,197.751014,200.5810692,0.44,1.408
Least Developed Countries,2017,178.6610499,90.5535054,176.9834338,4276.739,3.465037553,1.756237842,3.432501068,69.6195,61.26671529,15.17279029,7.690256761,15.03031874,197.2988777,195.4462536,0.440752,1.458933545
Least Developed Countries,2018,180.0907103,90.61453348,174.2353975,4276.739,3.465595764,1.743750929,3.352918396,69.6195,61.87431,15.18743114,7.641715588,14.69364021,198.7437372,192.2819561,0.440809,1.460170272
Least Developed Countries,2019,180.2762892,90.61213406,170.30994,4276.739,3.466169564,1.74219817,3.274546715,69.6195,62.27011,15.201347,7.640641475,14.36095955,198.9538058,187.9548935,0.440807,1.459860992
Least Developed Countries,2020,180.2767892,90.6167123,166.2836194,4276.739,3.466169564,1.742281364,3.19712384,69.6195,62.30591,15.201347,7.641006332,14.02141124,198.9443058,183.5021545,0.441307,1.459860992
Least Developed Countries,2021,180.2772892,90.61263669,162.4554257,4276.739,3.466169564,1.74219817,3.123510757,69.6195,62.56291,15.201347,7.640641475,13.69857129,198.9538058,179.285618,0.441807,1.459860992
Least Developed Countries,2022,180.2772892,90.61673589,158.8171316,4276.739,3.466169564,1.742276985,3.053557718,69.6195,62.58691,15.201347,7.640987128,13.39178295,198.9448058,175.2624723,0.441807,1.459860992
Northern Africa,2000,105.3380909,87.2392662,580.0506989,65.0337,5.3246,4.409745732,29.32023852,11.4,26.15,10.0805,8.348503521,55.5088954,120.7461909,664.8963525,,
Northern Africa,2001,106.4931887,86.30969526,575.0744768,65.0337,5.348080398,4.334466785,28.88019951,13.911,29.652,11.54369754,9.355837957,62.33718705,123.3849667,666.2918633,,
Northern Africa,2002,107.5691127,85.423426,569.7756905,65.0337,5.367435795,4.26242016,28.43041427,59.021,29.652,12.98805759,10.31415384,68.79557986,125.9246061,667.0016847,,
Northern Africa,2003,108.3882866,85.47188833,563.3406107,65.0337,5.114541193,4.03318022,26.58247352,59.021,29.652,13.30879263,10.49493145,69.17152769,126.8116205,659.0946119,,
Northern Africa,2004,109.2074606,85.51967741,556.9636146,65.0337,4.86164659,3.807124952,24.79464538,64.844,29.652,13.62952768,10.67319764,69.51128577,127.6986348,651.2695457,,
Northern Africa,2005,110.0266345,85.56680717,550.4801045,65.0337,4.608751988,3.58418845,23.05829208,64.844,29.652,13.95026272,10.84900438,69.79530105,128.5856492,643.3336976,,
Northern Africa,2006,110.8724265,85.66422866,544.1769975,65.0337,4.355819561,3.365470881,21.37895674,64.844,29.652,14.19850328,10.97030046,69.68819142,129.4267494,635.2441457,,
Northern Africa,2007,111.7182185,85.76039212,537.8360685,65.0337,4.102887134,3.149577698,19.75220081,64.844,29.652,14.44674383,11.09003019,69.54980135,130.2678495,627.1380707,,
Northern Africa,2008,112.5640105,85.85532174,531.2403879,65.0337,3.849954707,2.936454544,18.16967451,64.844,29.652,14.69498438,11.20822372,69.35226604,131.1089496,618.7623284,,
Northern Africa,2009,113.4098025,85.94904113,524.4436046,65.0337,3.597022281,2.726048448,16.63379434,64.844,29.652,14.94322493,11.32491043,69.1023049,131.9500497,610.1797038,,
Northern Africa,2010,114.2555944,86.04157328,517.7310859,65.0337,3.344089854,2.518307778,15.15321223,64.844,29.652,15.19146549,11.44011895,68.8377139,132.7911498,601.722012,,
Northern Africa,2011,108.4381364,85.47833515,481.9638461,65.0337,2.560407427,2.018287766,11.37997988,64.844,29.652,15.86183104,12.50337708,70.49945108,126.8603749,563.8432771,,
Northern Africa,2012,109.11698,85.70406835,498.8989537,31.1037,2.3284,1.828802014,10.6457888,56.829,3.502,15.87294,12.46712963,72.57342677,127.31832,582.1181692,,
Northern Africa,2013,110.1912933,85.78738017,493.6342794,31.1037,2.212133333,1.722215227,9.909901325,56.829,3.502,16.04354667,12.4904046,71.87178186,128.4469733,575.4159626,,
Northern Africa,2014,110.9156067,85.73145462,486.6087602,31.1037,2.095866667,1.619985712,9.194982661,56.829,3.502,16.36415333,12.64855967,71.79278556,129.3756267,567.5965284,,
Northern Africa,2015,111.38992,85.5501217,478.7480354,31.1037,1.9796,1.520380129,8.508216999,56.829,3.502,16.83476,12.92949817,72.35491574,130.20428,559.6111681,,
Northern Africa,2016,111.4449,85.27384525,469.3620188,31.1037,2.027,1.550991426,8.53692553,56.829,6.4809,17.2187,13.17516333,72.51838166,130.6906,550.4173259,,
Northern Africa,2017,110.628,82.0840815,456.2954725,31.1037,6.248,4.635909003,25.77045696,56.829,6.193,17.898,13.2800095,73.8219652,134.774,555.8878946,,
Northern Africa,2018,111.1099333,82.1434037,449.1144126,31.1037,6.211213333,4.591940513,25.10617497,56.829,6.4346,17.94222,13.26465579,72.52375511,135.2633667,546.7443426,,
Northern Africa,2019,111.3506667,82.16576897,441.9179983,31.1037,6.240466667,4.604846632,24.76657411,56.829,6.4346,17.9284,13.2293844,71.15253889,135.5195333,537.8371113,,
Northern Africa,2020,111.368,82.17378921,434.5229345,31.1037,6.2419,4.605636941,24.35393206,56.829,6.4346,17.9175,13.22057385,69.90845377,135.5274,528.7853204,,
Northern Africa,2021,111.108,82.36054569,426.5478895,31.1037,6.2349,4.621717305,23.93602113,56.829,6.4346,17.5615,13.01773701,67.41927459,134.9044,517.9031852,,
Northern Africa,2022,111.367,82.34499913,420.6974566,31.1037,6.2099,4.591613405,23.45837758,56.829,6.4346,17.6675,13.06338747,66.74034781,135.2444,510.896182,,
Northern Africa and Western Asia,2000,243.3390492,83.65409005,660.3645664,215.969,18.75432308,6.447283477,50.89479254,18.563,26.2942,28.79083846,9.897595148,78.13151903,290.8872108,789.3990193,,
Northern Africa and Western Asia,2001,242.5734679,83.65293915,644.6686773,215.969,19.2734865,6.646579311,51.22164907,21.074,29.7905,28.1556708,9.709654716,74.82714088,289.9760252,770.6467745,,
Northern Africa and Western Asia,2002,242.8243127,83.04084769,632.0919994,215.969,19.77952492,6.764184764,51.48775801,66.184,29.8116,29.81166565,10.19496754,77.60225958,292.4155032,761.182017,,
Northern Africa and Western Asia,2003,243.2461738,82.82091358,620.3922575,215.969,20.20659667,6.879979941,51.53633427,68.6211,29.8317,30.25791882,10.30227296,77.17193768,293.7013893,749.07681,,
Northern Africa and Western Asia,2004,245.7978077,83.85459594,614.2759306,215.969,16.55588521,5.648085626,41.37498983,105.3542,29.8547,30.7701424,10.49731844,76.89799203,293.1238353,732.5489125,,
Northern Africa and Western Asia,2005,247.5554415,84.08425369,605.9417598,215.969,15.97553207,5.426221631,39.10332958,105.3542,30.6833,30.88258264,10.48952468,75.59133564,294.4135562,720.636425,,0.188
Northern Africa and Western Asia,2006,249.1918235,84.18491553,597.1227881,215.969,15.43624834,5.214855142,36.98891687,118.2534,30.63187182,31.3772421,10.60022933,75.18732365,296.005314,709.2990286,,0.188
Northern Africa and Western Asia,2007,249.3286722,84.43602721,584.4371662,215.969,14.66615126,4.96674344,34.37809141,119.3145,30.58234364,31.29224823,10.59722935,73.35038011,295.2870717,692.1656377,,0.188
Northern Africa and Western Asia,2008,248.6489542,84.03863647,569.8399181,215.969,13.92441133,4.706187266,31.9111956,119.3145,30.51101546,31.15220436,10.52885497,71.39289863,295.8745699,678.0689717,,0.188
Northern Africa and Western Asia,2009,250.1491129,84.83283688,560.706935,215.969,13.13781644,4.455415516,29.44829467,119.3145,30.50168727,31.5860492,10.7117476,70.79983867,294.8729785,660.9550683,,0.188
Northern Africa and Western Asia,2010,250.1228716,84.84971761,548.7237431,215.969,12.60462154,4.275892771,27.65222976,134.3345,30.47235909,32.05589404,10.87438962,70.32475702,294.7833871,646.7007298,,0.188
Northern Africa and Western Asia,2011,245.7479498,84.65372205,527.6729219,215.969,11.52734958,3.970869536,24.75166218,134.3345,31.58803091,33.02256803,11.37540841,70.90645101,290.2978674,623.3310351,0.4997,0.1951
Northern Africa and Western Asia,2012,246.5844246,84.73284859,529.9728897,182.039,11.08768741,3.810018981,23.83027129,126.3195,5.759702727,33.34155567,11.45702934,71.65951634,291.0139677,625.4633221,0.6118,0.1951
Northern Africa and Western Asia,2013,249.7369236,84.82486063,525.0992647,182.039,10.7307888,3.644786085,22.56266004,126.3195,7.316974545,33.94706382,11.53035328,71.37742387,294.4147762,619.0393487,0.8011,0.1951
Northern Africa and Western Asia,2014,249.8153625,84.65404541,513.5409597,182.039,10.61828309,3.598179911,21.82781409,126.3195,43.61354636,34.66785995,11.74777468,71.26609785,295.1015056,606.6348717,8.5159,0.1961
Northern Africa and Western Asia,2015,252.0026469,84.73911866,506.4660839,182.039,9.569039074,3.217711986,19.23151921,126.3195,60.12551818,35.80281906,12.03915661,71.95525041,297.3864384,597.6768367,8.4271,0.3516
Northern Africa and Western Asia,2016,257.0191568,84.70780196,505.9185884,182.039,9.196675837,3.031019965,18.10281115,126.3195,68.06829588,37.20108472,12.26065075,73.22691624,303.4185173,597.2514652,8.42526,0.352798039
Northern Africa and Western Asia,2017,257.0205852,82.73197176,496.6468266,182.039,16.01063044,5.153637887,30.93771183,126.3195,67.04950289,38.08259619,12.25834993,73.58788218,310.6665776,600.3082194,8.36708,0.387002352
Northern Africa and Western Asia,2018,254.2326395,83.09180497,482.9125185,182.039,17.07056993,5.579238251,32.42538775,126.3195,68.91054821,38.48602891,12.57853285,73.10385159,305.9659609,581.1794781,8.29259,0.387598972
Northern Africa and Western Asia,2019,271.2776123,81.43130564,506.7451946,182.039,17.40179711,5.223619625,32.50646815,126.3195,71.9775358,44.44958371,13.34274365,83.03159543,333.1367588,622.2977645,8.47046,0.390053796
Northern Africa and Western Asia,2020,259.0673927,80.63028499,476.2713623,182.039,15.87565429,4.941025255,29.1859173,126.3195,67.37729572,46.27663374,14.40280897,85.07529707,321.3028364,590.6854507,8.61011,0.389430967
Northern Africa and Western Asia,2021,258.0812767,83.06901981,467.1771807,182.039,16.55107429,5.327319889,29.96065551,126.3195,67.61222,44.13230817,14.20493431,79.88803981,310.6829445,562.3964045,8.72495,0.38865
Northern Africa and Western Asia,2022,260.6108308,81.05511858,463.3834433,182.039,16.67577429,5.186495352,29.65063918,126.3195,68.58419366,43.96780686,13.67485683,78.17769381,321.5229777,571.689304,10.09956,0.388821164
Northern America,2000,199.956,33.33475963,639.8592287,3422,330.37,55.07613945,1057.184047,,192.2316366,69.51633333,11.58910091,222.4522766,599.8423333,1919.495553,,
Northern America,2001,198.874,33.11357803,630.1102795,3422,331.8514286,55.25502668,1051.434559,,189.5930458,69.856,11.63139529,221.331012,600.5814286,1902.87585,,
Northern America,2002,197.792,32.89294015,620.5338579,3422,333.3328571,55.43347415,1045.766885,,186.9544549,70.19566667,11.6735857,220.2252257,601.3205238,1886.525969,,
Northern America,2003,196.71,32.67284398,611.1474735,3422,334.8142857,55.6114835,1040.216078,,184.3158641,70.53533333,11.71567252,219.1423454,602.059619,1870.505897,,
Northern America,2004,195.628,32.45328753,601.8497932,3422,336.2957143,55.78905633,1034.614197,,181.6772732,70.875,11.75765613,218.0470285,602.7987143,1854.511018,,
Northern America,2005,194.546,32.23380952,592.6174366,3422,337.7782429,55.96557904,1028.925172,,179.0386824,71.22216667,11.80061144,216.9538199,603.5464095,1838.496428,,
Northern America,2006,191.024,32.47117032,576.0412038,3422,326.6597714,55.52718546,985.0567885,,175.3600915,70.60423333,12.00164422,212.9101451,588.2880048,1774.008137,,
Northern America,2007,187.502,32.72122892,559.6034984,3422,315.5411,55.06550633,941.7387731,,171.6815007,69.9855,12.21326475,208.8731354,573.0286,1710.215407,,
Northern America,2008,184.0711936,33.08264832,543.7119657,3422,303.1911484,54.49177538,895.5700892,108.5,168.0029098,69.13565799,12.42557629,204.2138358,556.398,1643.495891,,
Northern America,2009,180.6403872,33.46623967,528.2254279,3422,290.8411968,53.88253064,850.4726877,108.5,164.324319,68.28741597,12.65122969,199.6848549,539.769,1578.38297,,1.299882
Northern America,2010,179.849,34.18078856,520.7187695,3422,278.9011807,53.00592322,807.5056276,111.044,160.13815,67.41965799,12.81328823,195.2008704,526.1698387,1523.425267,,1.055073
Northern America,2011,179.647,34.76881255,515.0620388,3422,270.5611645,52.36430563,775.720079,111.044,161.057946,66.4819,12.86688182,190.6088215,516.6900645,1481.390939,,0.810264
Northern America,2012,179.445,35.36819983,509.5491085,3422,262.2211484,51.68318971,744.5989155,111.044,162.472353,65.6964,12.94861046,186.5504308,507.3625484,1440.698455,,0.90909
Northern America,2013,179.243,35.99003853,504.1568122,3422,253.8811323,50.97656105,714.0914977,111.044,162.717935,64.9109,13.03340042,182.5748979,498.0350323,1400.823208,,1.007916
Northern America,2014,179.041,36.63265331,498.8947359,3422,245.5411161,50.23889825,684.1961913,111.044,163.939021,64.1649,13.12844844,178.7944149,488.7470161,1361.885342,,1.2904655
Northern America,2015,178.839,37.3001654,493.738286,3422,237.2011,49.47265564,654.8642329,111.044,164.794775,63.4189,13.22717897,175.0867483,479.459,1323.689267,2.763,12.003015
Northern America,2016,179.449,37.38477997,490.756108,3422,237.2041,49.4169546,648.7044281,111.044,153.023882,63.3524,13.19826544,173.2557844,480.0055,1312.716321,2.763,12.0470075
Northern America,2017,180.059,37.46920208,487.781389,3422,237.2071,49.36138025,642.5960863,111.044,141.137881,63.2859,13.16941767,171.4420507,480.552,1301.819526,2.763,12.091
Northern America,2018,180.059,37.47689682,483.4093025,3422,237.1194333,49.35327052,636.6010023,111.044,129.8594,63.2749,13.16983266,169.8758478,480.4533333,1289.886153,2.763,12.07475
Northern America,2019,180.059,37.48459472,479.2638972,3422,237.0317667,49.34515747,630.9085814,111.044,117.2447,63.2639,13.17024782,168.3898237,480.3546667,1278.562302,2.763,12.0585
Northern America,2020,180.059,37.49131996,476.6815621,3422,236.9441,49.33575698,627.2770798,111.044,104.63,63.2654,13.17292306,167.4864889,480.2685,1271.445131,2.763,12.04225
Northern America,2021,180.059,37.47895102,475.4133847,3422,237.0581,49.34320927,625.9092503,111.044,104.8325,63.2669,13.16888934,167.0448635,480.427,1268.481032,2.763,12.026
Northern America,2022,180.059,37.48230582,473.239487,3422,237.0581,49.34762607,623.047188,111.044,105.035,63.2669,13.17006811,166.2810262,480.384,1262.567701,2.763,12.026
Oceania,2000,16.76208571,68.25457674,534.5618428,952.1,0.3247,1.322166074,10.35504968,,1.732857143,0.7974,3.246982531,25.4299865,24.55818571,783.1882759,,0.248
Oceania,2001,16.87357143,67.76049022,529.7666942,952.1,2.685366667,10.78383213,84.31041571,,1.865714286,5.342846667,21.45567765,167.745295,24.90178476,781.8224048,0.044,0.2518
Oceania,2002,16.38155714,66.56697985,506.0762189,952.1,2.845283333,11.56189956,87.89947246,,1.998571429,5.382293333,21.8711206,166.2754423,24.60913381,760.2511336,0.04575,0.2556
Oceania,2003,15.88954286,65.34474147,482.9899616,952.1,3.0052,12.3586952,91.34821849,,2.131428571,5.42174,22.29656333,164.8031046,24.31648286,739.1412847,0.0475,0.2594
Oceania,2004,15.39752857,64.09272523,460.6893807,952.1,3.165116667,13.17490348,94.69932984,,2.264285714,5.461186667,22.73237129,163.3970472,24.02383191,718.7857577,0.04925,0.2632
Oceania,2005,14.90551429,62.80982946,438.915076,952.1,3.325033333,14.01124259,97.91056051,,2.397142857,5.500633333,23.17892794,161.974344,23.73118095,698.7999805,0.051,0.267
Oceania,2006,13.8795,60.41854847,401.7909289,952.1,3.5197,15.32152924,101.890092,,13.27,5.57305,24.2599223,161.3315275,22.97225,665.0125485,0.068625,0.2688
Oceania,2007,12.74475,58.27570045,362.131019,952.1,3.65245,16.70092251,103.7811994,1.492,10.2335,5.47255,25.02337704,155.4977625,21.86975,621.4099809,0.08625,0.2706
Oceania,2008,11.61,55.90533171,323.4516036,952.1,3.7852,18.22677533,105.4546951,1.492,8.95,5.37205,25.86789296,149.6639265,20.76725,578.5702252,0.103875,0.2724
Oceania,2009,10.47525,53.26917454,286.230515,952.1,3.91795,19.92372138,107.0558551,1.492,9.2335,5.27155,26.80710408,144.0422397,19.66475,537.3286097,0.1215,0.2742
Oceania,2010,10.617,54.87388877,284.960327,952.1,3.9342,20.33388464,105.5939454,5.384,9.396,4.7968,24.79222659,128.7461332,19.348,519.3004056,0.139125,1.0387
Oceania,2011,10.608,55.96853347,279.9401359,952.1,4.0872,21.56434672,107.8592876,5.384,11.16733333,4.258307163,22.46711981,112.3747253,18.95350716,500.1741488,0.15675,1.0738
Oceania,2012,12.845,59.53370167,333.1671691,952.1,4.0492,18.76713622,105.0261192,5.384,12.93866667,4.681814326,21.69916211,121.4345524,21.57601433,559.6278406,0.174375,1.1089
Oceania,2013,16.228,64.28325452,413.5823839,952.1,3.8802,15.37046365,98.88971938,5.384,14.71,5.136321489,20.34628183,130.9028892,25.24452149,643.3749925,0.192,1.144
Oceania,2014,15.068,62.58507256,377.4314338,952.1,4.0242,16.71455064,100.8003435,5.384,12.449,4.983828651,20.70037681,124.8376423,24.07602865,603.0694196,0.226,2.186
Oceania,2015,12.658,55.74851923,311.6296349,952.1,4.1292,18.18587341,101.6575358,5.384,11.208,4.771335814,21.01397586,117.4663958,22.70553581,558.9917709,0.182,2.278
Oceania,2016,14.408,64.5280827,348.4319631,952.1,4.9212,22.04022769,119.0105064,5.384,12.96,4.608842977,20.64129656,111.456705,22.32826298,539.9694962,0.00016,1.8276895
Oceania,2017,15.348772,67.47554637,364.5987568,952.1,4.077245,17.92419185,96.85194738,5.384,13.789261,3.321145233,14.60026178,78.89135515,22.74716223,540.3420593,0.0001319,1.377379
Oceania,2018,15.88572688,68.39216831,370.9953718,952.1,4.307691769,18.54572867,100.6018624,5.384,14.45777815,3.033987757,13.06210304,70.85577037,23.2274064,542.4530045,0.000741598,1.237816
Oceania,2019,13.708,65.13155523,315.0667479,952.1,4.1012,19.48625141,94.26260188,5.384,12.15,3.237433928,15.38219337,74.40967168,21.04663393,483.7390215,0.0007586,1.376
Oceania,2020,11.678,61.6643785,264.9092433,952.1,4.3412,22.92322315,98.47782214,5.384,10.31,2.9188,15.41239835,66.21143169,18.938,429.5984971,0.0007436,1.186
Oceania,2021,14.098,64.63562799,316.366346,952.1,4.5512,20.8660569,102.1312608,5.384,12.53,3.1623,14.49831511,70.96363286,21.8115,489.4612396,0.0007436,1.386
Oceania,2022,14.448,65.24271845,320.6861263,952.1,4.4712,20.1905622,99.24223475,5.384,12.78,3.2258,14.56671935,71.59948132,22.145,491.5278423,0.0007436,1.486
Oceania (excluding Australia and New Zealand),2000,0.051,14.44350043,6.098554798,504.5,0.1247,35.31577457,14.91156438,,,0.1774,50.24072501,21.21340434,0.3531,42.22352351,,
Oceania (excluding Australia and New Zealand),2001,0.051,13.49634805,5.937306928,504.5,0.1352,35.77855404,15.73968425,,,0.19168,50.72509792,22.31496063,0.37788,43.99195181,,
Oceania (excluding Australia and New Zealand),2002,0.051,12.66577261,5.782792202,504.5,0.1457,36.18437391,16.5206436,,,0.20596,51.14985347,23.35340945,0.40266,45.65684526,,
Oceania (excluding Australia and New Zealand),2003,0.051,11.93149916,5.633959653,504.5,0.1562,36.54314056,17.25538231,,,0.22024,51.52536029,24.32986812,0.42744,47.21921008,,
Oceania (excluding Australia and New Zealand),2004,0.051,11.2776967,5.490830743,504.5,0.1667,36.86258901,17.9474801,,,0.23452,51.8597143,25.24920835,0.45222,48.68751919,,
Oceania (excluding Australia and New Zealand),2005,0.051,10.6918239,5.35353934,504.5,0.1772,37.14884696,18.60092492,,,0.2488,52.15932914,26.11687427,0.477,50.07133854,,
Oceania (excluding Australia and New Zealand),2006,0.051,10.6918239,5.221351519,504.5,0.1772,37.14884696,18.14163704,,,0.2488,52.15932914,25.47200506,0.477,48.83499362,,
Oceania (excluding Australia and New Zealand),2007,0.051,10.6918239,5.093918371,504.5,0.1772,37.14884696,17.69886932,,,0.2488,52.15932914,24.85033119,0.477,47.64311888,,
Oceania (excluding Australia and New Zealand),2008,0.051,10.6918239,4.971887389,504.5,0.1772,37.14884696,17.27487148,,,0.2488,52.15932914,24.25501142,0.477,46.50177028,,
Oceania (excluding Australia and New Zealand),2009,0.051,10.6918239,4.854398504,504.5,0.1772,37.14884696,16.86665519,,,0.2488,52.15932914,23.68184996,0.477,45.40290365,,
Oceania (excluding Australia and New Zealand),2010,0.051,10.6918239,4.737809616,504.5,0.1772,37.14884696,16.46156596,,,0.2488,52.15932914,23.11307907,0.477,44.31245464,,
Oceania (excluding Australia and New Zealand),2011,0.051,10.6918239,4.624868316,504.5,0.1772,37.14884696,16.06915031,,,0.2488,52.15932914,22.56210269,0.477,43.25612131,,
Oceania (excluding Australia and New Zealand),2012,0.051,10.6918239,4.51891338,504.5,0.1772,37.14884696,15.70100884,,,0.2488,52.15932914,22.0452088,0.477,42.26513103,,
Oceania (excluding Australia and New Zealand),2013,0.051,10.6918239,4.418060442,504.5,0.1772,37.14884696,15.35059432,,,0.2488,52.15932914,21.55320467,0.477,41.32185943,,
Oceania (excluding Australia and New Zealand),2014,0.051,10.6918239,4.322070526,504.5,0.1772,37.14884696,15.01707642,,,0.2488,52.15932914,21.08492445,0.477,40.42407139,,
Oceania (excluding Australia and New Zealand),2015,0.051,10.6918239,4.231417378,504.5,0.1772,37.14884696,14.70210116,,,0.2488,52.15932914,20.64267929,0.477,39.57619783,,
Oceania (excluding Australia and New Zealand),2016,0.051,10.6918239,4.145587169,504.5,0.1772,37.14884696,14.40388326,,,0.2488,52.15932914,20.2239625,0.477,38.77343293,,
Oceania (excluding Australia and New Zealand),2017,0.051,10.6918239,4.063771572,504.5,0.1772,37.14884696,14.11961417,,,0.2488,52.15932914,19.82483073,0.477,38.00821647,,
Oceania (excluding Australia and New Zealand),2018,0.051,10.6918239,3.986040417,504.5,0.1772,37.14884696,13.84953651,,,0.2488,52.15932914,19.44562463,0.477,37.28120155,,
Oceania (excluding Australia and New Zealand),2019,0.051,10.6918239,3.913406594,504.5,0.1772,37.14884696,13.59716958,,,0.2488,52.15932914,19.0912855,0.477,36.60186168,,
Oceania (excluding Australia and New Zealand),2020,0.051,10.6918239,3.844606725,504.5,0.1772,37.14884696,13.35812376,,,0.2488,52.15932914,18.75565006,0.477,35.95838055,,
Oceania (excluding Australia and New Zealand),2021,0.051,10.6918239,3.779416365,504.5,0.1772,37.14884696,13.13161921,,,0.2488,52.15932914,18.43762336,0.477,35.34865894,,
Oceania (excluding Australia and New Zealand),2022,0.051,10.6918239,3.718100611,504.5,0.1772,37.14884696,12.91857702,,,0.2488,52.15932914,18.13849866,0.477,34.7751763,,
Small Island Developing States,2000,11.87895397,53.20650384,213.3411254,875.105,5.491847648,24.59829491,98.63132397,0.05255,4.199882353,4.98011957,22.30623603,89.44089826,22.32613142,400.9681335,,0.2
Small Island Developing States,2001,11.87940384,52.40139761,210.2765248,875.105,5.634356805,24.85378688,99.73336918,0.05255,4.173346471,5.181043316,22.85416967,91.70929772,22.67001335,401.2803749,,0.2676
Small Island Developing States,2002,11.8798537,51.65049837,207.5086407,875.105,5.776617133,25.11522122,100.901745,0.37655,4.146810588,5.389172051,23.43071128,94.13413622,23.00046288,401.7553504,,0.3352
Small Island Developing States,2003,11.88030357,50.91969767,205.0645254,875.105,5.91887746,25.3686658,102.1650491,0.37675,4.120274706,5.597300786,23.99036878,96.61435185,23.33144954,402.7214119,,0.4028
Small Island Developing States,2004,12.92767349,52.17026326,220.5109588,875.105,6.064977083,24.47551382,103.4520181,1.52045,4.118738824,5.771236838,23.29011059,98.44160823,24.7797743,422.6755724,,0.4704
Small Island Developing States,2005,12.90709501,51.48592325,217.3849117,875.105,6.211676706,24.77814798,104.6188001,1.52045,4.26425454,5.92309789,23.62701779,99.7584748,25.06917269,422.2220328,,0.538
Small Island Developing States,2006,13.08445729,51.68651859,217.4535163,875.105,6.303208051,24.89907475,104.7544216,1.68745,4.852730256,5.897482871,23.29636999,98.01158425,25.31502923,420.7161214,,0.5976
Small Island Developing States,2007,12.97161199,51.40384498,212.5878693,875.105,6.366489396,25.22909521,104.3384906,2.55775,5.458105973,5.864151185,23.23843163,96.1058199,25.23471153,413.5641399,,0.6572
Small Island Developing States,2008,14.07279527,53.25259363,227.4026575,875.105,6.434679075,24.3493452,103.9781432,2.55775,5.591767403,5.883986166,22.26547877,95.07948247,26.4264974,427.0264452,,0.7168
Small Island Developing States,2009,14.4849866,53.91735737,230.9847081,875.105,6.504856253,24.21297782,103.7296315,2.90575,6.934429051,5.837896147,21.7303572,93.09395823,26.86516422,428.4050988,,0.7764
Small Island Developing States,2010,14.65932079,54.12335875,231.0686873,875.105,6.568719146,24.25222478,103.5399479,3.43355,8.431090698,5.837163271,21.55126328,92.00874134,27.08501676,426.9296892,,0.836
Small Island Developing States,2011,15.28987564,55.6713673,237.5824243,875.105,6.435462039,23.43190876,99.99771799,3.43355,8.721872346,5.717550394,20.81794879,88.84241543,27.4645233,426.7587375,,0.8954
Small Island Developing States,2012,15.97714716,57.18323792,245.3513347,875.105,6.301054932,22.55188111,96.76146948,3.43355,9.012653994,5.638404185,20.18021144,86.58554486,27.94026317,429.0616335,,0.9548
Small Island Developing States,2013,16.66534725,58.64990536,253.0680464,875.105,6.167549824,21.70529111,93.65600137,3.43355,9.303435641,5.565086547,19.58505841,84.50742484,28.41496018,431.4892664,,1.0142
Small Island Developing States,2014,17.02531981,59.60719704,255.8195035,875.105,6.035492717,21.13081033,90.68826711,3.43355,9.594217289,5.50990737,19.2906881,82.79091281,28.56252375,429.1755296,,1.0826
Small Island Developing States,2015,17.22258396,61.76209587,256.1518604,875.105,5.326213388,19.10039182,79.21688586,3.43355,9.759719105,5.34289486,19.16021343,79.46498976,27.88536192,414.7395854,,1.135
Small Island Developing States,2016,17.24549761,60.63136883,254.0210035,875.105,5.945015558,20.90136447,87.56829474,3.43355,9.521087587,5.28374485,18.57648239,77.8279757,28.44319359,418.9597042,,1.1392
Small Island Developing States,2017,17.23626238,61.04669196,251.8379372,875.105,5.675982654,20.10296415,82.93142281,3.43355,9.283056069,5.353383372,18.96039515,78.21794514,28.23455592,412.533307,,1.1392
Small Island Developing States,2018,17.20012314,61.38884922,249.0597034,875.105,5.407173749,19.29870916,78.29647958,3.43355,9.045024552,5.442101894,19.42337097,78.80224301,28.01831825,405.7083764,,1.1392
Small Island Developing States,2019,17.20137591,61.80013549,246.714342,875.105,5.143362845,18.47878463,73.76976045,3.43355,8.895326367,5.520230415,19.83277323,79.17506263,27.83388058,399.2132705,,1.1392
Small Island Developing States,2020,17.22866159,62.25615573,245.292633,875.105,4.876136319,17.62002814,69.42386734,3.43355,8.63400641,5.600208697,20.23647995,79.73282947,27.67382821,394.0054282,,1.1392
Small Island Developing States,2021,17.17393935,62.63100812,242.9127934,875.105,4.799657301,17.50369378,67.8876371,3.43355,8.630078442,5.47849689,19.97932893,77.48932589,27.42082535,387.8474907,,1.1392
Small Island Developing States,2022,17.1566872,62.82885889,240.5795542,875.105,4.713628835,17.26160287,66.09683504,3.43355,8.624026292,5.467969194,20.02404432,76.67456868,27.30701703,382.9124998,,1.1392
South-eastern Asia,2000,192.3597625,85.19113528,364.92319,3478.515,18.94543208,8.390439073,35.94113146,1.2737,2.5103,27.56271463,12.20680937,52.2888655,225.7978625,428.3581723,,
South-eastern Asia,2001,200.9630941,84.39019579,375.7307682,3478.515,23.27933509,9.775663809,43.52422266,1.2737,2.5103,27.98171842,11.75033011,52.31603643,238.1355941,445.2303548,,
South-eastern Asia,2002,209.5664258,83.66816112,386.394813,3478.515,27.6132381,11.02442267,50.91279261,1.4657,2.5103,28.4007222,11.33882106,52.36474165,250.4733258,461.8182207,,
South-eastern Asia,2003,218.1697574,83.01391865,396.8820904,3478.515,31.94714111,12.15593492,58.11643326,1.4657,2.5103,28.81972599,10.9659488,52.42721645,262.8110574,478.0910199,,
South-eastern Asia,2004,227.8440891,82.45636886,409.1154388,3478.515,36.27660663,13.12843914,65.13805076,1.4657,2.5103,29.39005478,10.63620833,52.7726008,276.3207891,496.1599019,,
South-eastern Asia,2005,239.6404207,82.02607336,424.7798102,3478.515,40.60667214,13.89918219,71.97823486,79.6467,5.7033,29.77040857,10.19005771,52.77018152,292.1515207,517.8594962,,
South-eastern Asia,2006,314.2897524,82.80521111,549.6980423,3478.515,39.9468526,10.52470702,69.86771445,126.2253,8.035411111,30.73200304,8.09689142,53.75078818,379.553108,663.8447447,,0.125
South-eastern Asia,2007,374.686084,84.05166217,646.1586538,3478.515,38.41706991,8.617930367,66.2515189,160.4153,74.72952222,32.72974136,7.342117259,56.44353106,445.7806953,768.7636832,0.754,0.275
South-eastern Asia,2008,381.7124156,84.24550648,649.1344764,3478.515,37.81740486,8.346457427,64.31171819,160.4153,75.14363333,33.62116205,7.420329308,57.17564985,453.0952826,770.5271218,0.754,0.285
South-eastern Asia,2009,388.5787473,84.75242648,652.0856797,3478.515,36.32573982,7.922961857,60.95931624,160.4153,75.87274444,33.64718273,7.338745107,56.46434905,458.4868698,769.4006022,0.7535,0.295
South-eastern Asia,2010,396.3950789,84.9680595,656.559184,3478.515,34.84007477,7.468038085,57.70649607,160.4153,76.60185556,35.35210341,7.577792424,58.55458203,466.5224571,772.7129322,0.753,0.305
South-eastern Asia,2011,403.4214106,85.17648223,659.5980603,3478.515,34.03340973,7.185652627,55.64496691,160.4153,77.01596667,36.24002409,7.651546713,59.25280357,473.6300444,774.3898821,0.753,0.305
South-eastern Asia,2012,410.4377422,85.48281798,662.4038297,3478.515,32.61274468,6.792331773,52.63357814,160.4153,77.44007778,37.15494477,7.738346293,59.96421669,480.1406317,774.8970441,1.193,0.305
South-eastern Asia,2013,417.4540739,85.77919456,665.2431699,3478.515,31.13107964,6.396868792,49.60962031,160.4153,77.84418889,38.14086546,7.837251864,60.78021949,486.6612189,775.5297462,1.193,0.315
South-eastern Asia,2014,424.3204055,86.24647299,668.142468,3478.515,29.58641459,6.01367239,46.58729538,160.4153,244.2783,38.14378614,7.753025728,60.06188503,491.9858062,774.6896132,19.2034,0.5795
South-eastern Asia,2015,427.36088,85.96518006,665.2818042,3478.515,29.01074955,5.835616747,45.16165307,160.4153,250.1083,40.82570682,8.212237951,63.55424926,497.1325364,773.896831,16.143,0.8385
South-eastern Asia,2016,429.770884,85.90130816,661.6910105,3478.515,28.229346,5.642396542,43.46293613,160.4153,255.4683,42.37229898,8.46924733,65.23794509,500.307729,770.2921233,13.0833,0.9429
South-eastern Asia,2017,429.4522856,85.19710942,654.2198836,3478.515,33.582224,6.662226535,51.1585557,160.4153,255.1583,41.09937038,8.153519431,62.61004122,504.06908,767.8897653,13.083,0.931799618
South-eastern Asia,2018,429.4589153,85.13699073,647.7857377,3478.515,33.85407103,6.711314234,51.06468534,160.4153,255.16556,41.18462442,8.164541152,62.12191984,504.4328108,760.8746001,13.08338227,0.931913505
South-eastern Asia,2019,429.3300688,86.15782792,641.5537845,3478.515,27.54981798,5.528689112,41.16806922,160.4153,255.1964488,41.49142716,8.32648701,62.00120618,498.306514,744.6262284,12.91418911,0.911086905
South-eastern Asia,2020,429.3717901,85.91118484,636.1171941,3478.515,28.30061498,5.662550314,41.92755139,160.4153,255.2429083,42.17806415,8.439230404,62.48708565,499.7856692,740.4358295,12.91429349,0.906388267
South-eastern Asia,2021,429.3558457,85.67254947,631.4366859,3478.515,29.54506614,5.895345705,43.45076197,160.4153,255.2495151,42.32306736,8.445034854,62.24286371,501.1591792,737.0350128,12.91429349,0.897037127
South-eastern Asia,2022,429.431507,85.36622919,627.000295,3478.515,31.09480976,6.181303918,45.40061587,160.4153,255.344242,42.58460708,8.465348418,62.17653052,503.0461238,734.4828288,12.91429349,0.891171502
Southern Asia,2000,845.42,92.4641226,571.7653367,1860.76,15.72976349,1.720374228,10.638184,,9.32,56.51832222,6.181444815,38.22386215,914.3222,618.3645295,,
Southern Asia,2001,860.2045,92.31148435,570.7467197,1860.76,16.29001806,1.748137503,10.80844656,,9.32,58.83180944,6.313442509,39.03497628,931.8499275,618.2835469,,
Southern Asia,2002,874.989,92.16448222,569.9523422,1860.76,16.85027262,1.774875628,10.97596924,,9.32,61.14529667,6.440566233,39.82896362,949.377655,618.407795,,
Southern Asia,2003,889.7735,92.02280969,569.2872862,1860.76,17.41052718,1.800644354,11.1394549,,9.32,63.45878389,6.563081046,40.60165747,966.9053825,618.637149,,
Southern Asia,2004,904.558,91.88618209,568.5276878,1860.76,17.97078175,1.825495462,11.2948943,,9.32,65.77227111,6.681233132,41.33881655,984.43311,618.7303411,,
Southern Asia,2005,918.5925,91.78946313,567.5324603,1860.76,18.50603631,1.849197699,11.43355331,,9.32,67.66075833,6.760935542,41.80273259,1000.760293,618.2980496,,
Southern Asia,2006,932.765,91.68808084,566.7937269,1860.76,18.97179087,1.864871747,11.5281899,429.237,9.32,69.71670556,6.852948958,42.36328697,1017.324162,618.1760177,,
Southern Asia,2007,946.9375,91.58994704,566.3653592,1860.76,19.43754544,1.880043569,11.62563781,429.3408,9.32,71.77265278,6.942014089,42.92737828,1033.888031,618.3706591,,
Southern Asia,2008,992.928,91.37431132,584.920641,1860.76,19.9033,1.83160343,11.72476856,580.8008,9.32,73.8286,6.794085252,43.49144353,1086.6599,640.1368531,,
Southern Asia,2009,1005.888008,91.30161015,583.5732034,1860.76,20.6033,1.870103281,11.95315352,580.8008,9.320000217,75.2286,6.828287299,43.64441641,1101.7199,639.1707686,,
Southern Asia,2010,1018.848016,91.23086976,582.2284805,1860.76,21.3033,1.907564776,12.17393349,580.8008,9.320000434,76.6286,6.861566903,43.78999874,1116.7799,638.1924035,,
Southern Asia,2011,1018.848024,91.23087048,573.7241477,1860.76,21.3033,1.907564776,11.99611458,591.7008,9.320000651,76.6286,6.861566903,43.15037884,1116.7799,628.8706275,,
Southern Asia,2012,1018.848032,91.23087121,565.6650323,1860.76,21.3033,1.907564776,11.82760481,591.7008,9.320000868,76.6286,6.861566903,42.54424421,1116.7799,620.0368634,,
Southern Asia,2013,1018.84804,91.23087193,558.1055631,1860.76,21.3033,1.907564776,11.66954224,591.7008,9.320001085,76.6286,6.861566903,41.97568849,1116.7799,611.7507718,,
Southern Asia,2014,1018.848048,91.23087265,550.97649,1860.76,21.3033,1.907564776,11.52047892,591.7008,9.320001302,76.6286,6.861566903,41.4395033,1116.7799,603.9364461,,
Southern Asia,2015,1018.848056,91.23087337,544.2936399,1860.76,21.3033,1.907564776,11.38074576,591.7008,9.320001519,76.6286,6.861566903,40.93687901,1116.7799,596.6112345,,
Southern Asia,2016,1018.848064,91.23087409,537.8024288,1860.76,21.3033,1.907564776,11.24501963,591.7008,9.320001736,76.6286,6.861566903,40.4486681,1116.7799,589.4960826,,
Southern Asia,2017,1018.848072,91.23087481,531.4403879,1860.76,21.3033,1.907564776,11.11199434,591.7008,9.320001953,76.6286,6.861566903,39.9701722,1116.7799,582.5225166,,
Southern Asia,2018,1018.848081,91.23087553,525.304586,1860.76,21.3033,1.907564776,10.98369953,591.7008,9.32000217,76.6286,6.861566903,39.50869199,1116.7799,575.796936,,
Southern Asia,2019,1018.848089,91.23087625,519.3622471,1860.76,21.3033,1.907564776,10.85944989,591.7008,9.320002387,76.6286,6.861566903,39.06176233,1116.7799,569.2834141,,
Southern Asia,2020,1018.848178,91.2308843,513.6591079,1860.76,21.3033,1.907564776,10.74020085,591.7008,9.32000566,76.6286,6.861566903,38.63282003,1116.7799,563.0320388,,
Southern Asia,2021,1018.848268,91.23089234,508.5942532,1860.76,21.3033,1.907564776,10.63429786,591.7008,9.320008932,76.6286,6.861566903,38.25188383,1116.7799,557.480301,,
Southern Asia,2022,1018.848268,91.23089234,503.765018,1860.76,21.3033,1.907564776,10.53332242,591.7008,9.320008932,76.6286,6.861566903,37.8886722,1116.7799,552.18688,,
Sub-Saharan Africa,2000,55.2147765,74.73250182,85.07892527,3799.53,5.32823373,7.211696979,8.210128304,9.4319,15.3111,13.34283606,18.0593599,20.55960785,73.88321702,113.84461,,0.1635
Sub-Saharan Africa,2001,56.87125293,74.56692603,85.32686337,3799.53,5.506008253,7.219220415,8.260947135,11.2896,16.76297143,13.87265815,18.18918031,20.81386193,76.26873729,114.429906,,0.177228571
Sub-Saharan Africa,2002,63.54515849,75.69611462,92.81800612,3799.53,5.703596447,6.79422478,8.331027297,14.5208,24.26800756,14.67892331,17.48579259,21.44094729,83.94771489,122.6192475,,0.413957143
Sub-Saharan Africa,2003,64.59428675,75.31954066,91.84019976,3799.53,5.869421649,6.843982103,8.345147594,15.27,24.30251787,15.27488264,17.81112854,21.71783828,85.76033017,121.9340943,,0.413685714
Sub-Saharan Africa,2004,65.39476364,74.83048043,90.48626571,3799.53,6.040452446,6.912020678,8.358130752,17.3475,32.63202819,15.93211449,18.23093648,22.04515263,87.39054363,120.9216688,,0.413414286
Sub-Saharan Africa,2005,66.20254213,74.46499811,89.14073185,3799.53,6.226658243,7.003780812,8.384102104,17.3875,33.65300676,16.45035468,18.50345305,22.1501563,88.90424201,119.7082309,,0.413142857
Sub-Saharan Africa,2006,66.73606001,74.23843634,87.44347695,3799.53,6.296514284,7.004359784,8.250248839,17.3875,38.36778534,16.8349582,18.72752111,22.05864833,89.89421558,117.7873367,,0.487871429
Sub-Saharan Africa,2007,67.23907789,74.06097832,85.72699356,3799.53,6.408796641,7.059016333,8.170945908,17.3875,38.08256391,17.11295119,18.84918631,21.81829231,90.78880596,115.7519054,,0.4876
Sub-Saharan Africa,2008,67.88662078,73.97376356,84.20795384,3799.53,6.346434554,6.915495922,7.872247312,17.5415,37.79734249,17.50853168,19.07845711,21.71794104,91.77121389,113.834892,,0.487328571
Sub-Saharan Africa,2009,68.32238033,73.89845801,82.46200102,3799.53,6.2854058,6.798384283,7.586198505,17.5415,37.51212107,17.81603717,19.27007912,21.50314536,92.4544059,111.5882567,,0.487057143
Sub-Saharan Africa,2010,68.88113987,73.83541017,80.89071904,3799.53,6.221377046,6.668849076,7.306087902,17.7661,38.82889964,18.15554266,19.46137857,21.3210017,93.2901161,109.5554543,0.77,1.661785714
Sub-Saharan Africa,2011,69.36154123,74.00413599,79.25599076,3799.53,6.153792401,6.565685849,7.031633165,17.7661,38.76951155,18.17770986,19.39440342,20.7707669,93.72657392,107.0967044,0.77,1.661514286
Sub-Saharan Africa,2012,70.13946076,73.90195294,77.06533303,3833.46,6.317074423,6.655941344,6.940849543,17.7661,38.71012346,18.41674372,19.40467339,20.23529227,94.90880548,104.2805095,0.77,1.661242857
Sub-Saharan Africa,2013,70.67423029,73.98199423,75.5423503,3833.46,6.26167073,6.554735522,6.692981611,17.7661,47.95073537,18.55632045,19.42481137,19.83450055,95.52896084,102.1091025,0.77,2.050971429
Sub-Saharan Africa,2014,71.87938444,73.71639062,74.77415839,3833.46,7.142690114,7.32523433,7.430345238,17.7661,48.86634728,18.46308178,18.93493885,19.20663918,97.50800851,101.4349153,0.77,2.0408
Sub-Saharan Africa,2015,73.18793859,73.44708802,74.1212513,3833.46,8.028453943,8.056881704,8.130834995,17.7661,52.49528776,18.40604312,18.47121664,18.64076204,99.64716174,100.9178897,0.8279,2.0438
Sub-Saharan Africa,2016,74.92057406,74.04645071,73.902832,3833.46,8.467544546,8.368750877,8.35251905,17.7661,61.42402824,17.79048815,17.58292058,17.54881717,101.1805068,99.80604241,0.8279,2.0573
Sub-Saharan Africa,2017,74.88517068,73.88689939,71.97341756,3833.46,8.626363282,8.511367873,8.290945201,17.7661,63.72714872,17.83954628,17.60173274,17.14589286,101.3510802,97.41025562,0.829652,2.100233545
Sub-Saharan Africa,2018,76.65080229,73.91460838,71.7694779,3833.46,8.599995663,8.293002716,8.052325354,17.7661,64.7060392,17.14803307,16.53590193,16.05600129,103.701831,97.09782608,0.829707856,2.101821067
Sub-Saharan Africa,2019,77.37508355,74.82404596,70.5953749,3833.46,8.780891634,8.491387783,8.011498126,17.7661,65.68132819,17.24340687,16.67489596,15.73251642,103.4093821,94.34851324,0.826705856,2.093399302
Sub-Saharan Africa,2020,78.58690895,75.34697147,69.88461827,3833.46,8.623552364,8.268025332,7.66862666,17.7661,66.92369793,17.21965997,16.50973738,15.31284765,104.3000235,92.75040111,0.831205856,2.084829131
Sub-Saharan Africa,2021,78.60900764,75.09245291,68.16165546,3833.46,8.697136221,8.308071959,7.541263022,17.7661,67.1850375,17.51999124,16.73623871,15.19153647,104.6829669,90.77031421,0.831705856,2.085513084
Sub-Saharan Africa,2022,78.40361681,74.55042373,66.32201827,3833.46,9.146840386,8.697313393,7.737358809,17.7661,66.98985843,17.61811582,16.75226288,14.90325379,105.168573,88.96263087,0.831705856,2.09730132
Western Asia,2000,138.0009583,81.10975145,738.405579,150.9353,13.42972308,7.893289394,71.85879406,7.163,0.1442,18.71033846,10.99695916,100.1139302,170.1410199,910.3783033,,
Western Asia,2001,136.0802792,81.68522391,712.1094171,150.9353,13.9254061,8.359035726,72.8717848,7.163,0.1385,16.61197326,9.97170761,86.93061674,166.5910585,871.7726206,,
Western Asia,2002,135.2552,81.23879581,692.3108646,150.9353,14.41208912,8.65638264,73.7690372,7.163,0.1596,16.82360806,10.10482155,86.11252389,166.4908972,852.1924257,,
Western Asia,2003,134.8578872,80.80656359,675.3642105,150.9353,15.09205548,9.043128036,75.58055628,9.6001,0.1797,16.94912619,10.15588092,84.88071011,166.8897688,835.7789028,,
Western Asia,2004,136.5903471,82.56924987,669.3444087,150.9353,11.69423862,7.06920021,57.30619621,40.5102,0.2027,17.14061472,10.36154992,83.99550092,165.4252004,810.6461058,,
Western Asia,2005,137.528807,82.93465767,659.0648731,150.9353,11.36678009,6.854564043,54.47182768,40.5102,1.0313,16.93231991,10.21077828,81.14298029,165.827907,794.679681,,0.188
Western Asia,2006,138.319397,83.03553181,647.6306667,150.9353,11.08042877,6.651773474,51.88010959,53.4094,0.979871818,17.17873882,10.31269471,80.43324594,166.5785646,779.9440223,,0.188
Western Asia,2007,137.6104537,83.39056011,628.6586919,150.9353,10.56326413,6.401232526,48.25714639,54.4705,0.930343636,16.8455044,10.20820737,76.95689155,165.0192222,753.8727298,,0.188
Western Asia,2008,136.0849437,82.59304548,606.2777069,150.9353,10.07445663,6.114416712,44.88313177,54.4705,0.859015455,16.45721998,9.988260868,73.31924691,164.7656203,734.054185,,0.188
Western Asia,2009,136.7393104,83.9288315,594.8192436,150.9353,9.540794157,5.856016845,41.50268088,54.4705,0.849687273,16.64282427,10.21515166,72.39668032,162.9229288,708.7186048,,0.188
Western Asia,2010,135.8672771,83.87270855,577.8110149,150.9353,9.260531689,5.716651514,39.38282512,69.4905,0.820359091,16.86442856,10.41063994,71.7203788,161.9922374,688.9142188,,0.188
Western Asia,2011,137.3098134,84.01365639,570.3941267,150.9353,8.966942155,5.486465814,37.24927603,69.4905,1.936030909,17.16073699,10.4998778,71.28684652,163.4374925,678.9302493,0.4997,0.1951
Western Asia,2012,137.4674446,83.97745851,557.5373918,150.9353,8.759287406,5.350959252,35.52572223,69.4905,2.257702727,17.46861567,10.67139897,70.8488213,163.6956477,663.9131521,0.6118,0.1951
Western Asia,2013,139.5456303,84.07994071,552.9299147,150.9353,8.518655464,5.132715693,33.75397302,69.4905,3.814974546,17.90351715,10.78734359,70.94016626,165.9678029,657.624054,0.8011,0.1951
Western Asia,2014,138.8997559,83.81295473,537.2868976,150.9353,8.522416424,5.142477735,32.96609596,69.4905,40.11154636,18.30370661,11.04456753,70.80172086,165.7258789,641.0547145,8.5159,0.1961
Western Asia,2015,140.6127269,84.10749584,530.8115016,150.9353,7.589439074,4.539622617,28.65004925,69.4905,56.62351818,18.96805906,11.34574362,71.60421489,167.1821584,631.110814,8.4271,0.3516
Western Asia,2016,145.5742568,84.27951835,537.9970085,150.9353,7.169675837,4.150849468,26.4968837,69.4905,61.58739588,19.98238472,11.56870587,73.84865591,172.7279173,638.3484612,8.42526,0.352798039
Western Asia,2017,146.3925852,83.2284041,532.2135504,150.9353,9.762630443,5.550336789,35.49226349,69.4905,60.85650289,20.18459619,11.4755247,73.38155536,175.8925776,639.4614388,8.36708,0.387002352
Western Asia,2018,143.1227062,83.84331053,512.8759869,150.9353,10.85935659,6.36156506,38.91418334,69.4905,62.47594821,20.54380891,12.03485454,73.61813196,170.7025942,611.7077005,8.29259,0.387598972
Western Asia,2019,159.9269456,80.92763433,564.3908665,150.9353,11.16133044,5.647954229,39.3889406,69.4905,65.5429358,26.52118371,13.42048177,93.59469601,197.6172255,697.4019087,8.47046,0.390053796
Western Asia,2020,147.6993927,79.5042636,513.4697387,150.9353,9.633754294,5.185698647,33.49127718,69.4905,60.94269572,28.35913374,15.26527634,98.58914602,185.7754364,645.8392487,8.61011,0.389430967
Western Asia,2021,146.9732767,83.61275099,503.4278148,150.9353,10.31617429,5.868847261,35.33600937,69.4905,61.17762,26.57080817,15.11607019,91.01303445,175.7785445,602.0945477,8.72495,0.38865
Western Asia,2022,149.2438308,80.1186227,501.3419971,150.9353,10.46587429,5.618399294,35.15711364,69.4905,62.14959366,26.30030686,14.11880378,88.3483645,186.2785777,625.749645,10.09956,0.388821164
World,2000,2364.823034,66.91888603,383.3805383,33721.606,746.4841872,21.12373295,121.0185732,76.82125,380.7573332,395.7729757,11.19943703,64.16194967,3533.864913,572.9033476,20.89448947,0.8415
World,2001,2380.68279,66.79622336,380.8069457,33721.606,759.9657259,21.3228073,121.5618595,79.91995,382.1221667,416.8639494,11.69619808,66.68031877,3564.097894,570.1025096,20.5886457,0.91810697
World,2002,2408.039176,66.71411786,380.1435041,33721.606,769.5767487,21.32092967,121.4887219,127.18315,385.553765,426.1265354,11.80572816,67.27018229,3609.489646,569.8096838,20.41648593,1.21771394
World,2003,2432.122315,66.64666662,378.9970756,33721.606,777.4397538,21.30393187,121.1482627,129.92525,384.4262517,433.1312028,11.86895524,67.49473834,3649.278258,568.6662137,20.30532616,1.30532091
World,2004,2454.233572,66.66178209,377.5545915,33721.606,781.6488669,21.23111143,120.2473644,168.60185,414.2521384,439.7500904,11.94447221,67.65031153,3681.620105,566.3733846,19.79216639,1.45192788
World,2005,2479.565307,66.65160627,376.6050894,33721.606,787.5855922,21.17058367,119.6212665,270.99085,416.6807863,445.3081454,11.97004293,67.63496548,3720.188373,565.035279,19.39600461,1.72053485
World,2006,2599.610003,67.88337515,389.3563897,33721.606,778.2640821,20.32273787,116.5644435,1087.48655,447.2698628,450.6195766,11.76698725,67.49151268,3829.523793,573.5666337,31.6863149,2.203841821
World,2007,2668.857726,68.53878744,394.6498002,33795.076,768.7562935,19.74238779,113.6776662,1143.34935,577.8157127,456.2526681,11.7169995,67.46707496,3893.937763,575.8050513,32.05854519,2.397926568
World,2008,2738.13719,68.84738503,399.7390594,33795.076,753.8457939,18.95460601,110.05351,1431.40855,586.1608594,460.8603978,11.58781721,67.28074204,3977.111387,580.6161836,32.04072581,3.273011316
World,2009,2773.92617,69.75130086,399.8060391,33795.076,736.6262437,18.52271315,106.1699565,1451.17455,583.9185563,463.847925,11.66361114,66.85441151,3976.880912,573.1879323,32.02184886,4.680808064
World,2010,2800.395088,70.01390888,398.5080561,33795.076,728.1247904,18.20416803,103.6152349,1479.90109,595.2114376,468.7257258,11.71881796,66.70165173,3999.769664,569.1841271,33.96705557,6.530263812
World,2011,2808.973415,70.2639341,394.7035596,33795.076,716.0874924,17.91228215,100.6212023,1493.13829,613.2267283,469.8770562,11.75355036,66.02488498,3997.745716,561.7441789,34.56069453,6.47323956
World,2012,2839.160382,70.90230194,393.9439114,33795.076,700.5318071,17.49436842,97.20135642,1486.72329,595.1190421,464.6824543,11.6045067,64.47639408,4004.32751,555.615122,36.89741191,6.669510308
World,2013,2852.189503,71.29711112,390.8366748,33795.076,682.0786694,17.05014293,93.46551441,1486.72329,607.1486635,466.7641475,11.66785561,63.96087886,4000.42787,548.18024,37.1777051,8.484281056
World,2014,2862.722565,71.58340464,387.5065392,33795.076,664.9560129,16.62746363,90.01040006,1486.72329,887.8848822,471.9772473,11.80196038,63.88822724,3999.142789,541.3357205,66.74912212,15.8850453
World,2015,2868.595211,71.92185962,383.681059,33795.076,642.0090671,16.09654991,85.87015616,1486.72329,924.8283766,477.0914437,11.96170994,63.81205325,3988.488655,533.469325,67.56915983,27.42772098
World,2016,2880.057583,71.7288692,380.7261753,33795.076,639.1137743,15.91735825,84.48697149,1486.72329,943.8383862,498.294688,12.41020829,65.87154086,4015.200037,530.7851351,63.13585478,27.52214942
World,2017,2888.52473,71.61350205,377.4986608,33795.076,643.9371759,15.9647573,84.15556183,1486.72329,942.8472721,501.7658444,12.43998674,65.57532027,4033.491796,527.1333616,61.52052546,27.61409657
World,2018,2880.869133,71.4666129,372.3943581,31438.096,641.2449516,15.90756213,82.89026371,1486.72329,933.9015029,507.3530272,12.58606369,65.58277943,4031.069916,521.0745871,63.83749914,30.98460273
World,2019,2889.827122,71.36298583,369.6612917,31438.096,626.8246296,15.47915334,80.18223667,1486.72329,958.2657682,521.1742669,12.87016498,66.66763948,4049.476194,518.0014365,64.38270482,31.66804208
World,2020,2865.474617,71.51301641,363.029593,31444.354,606.3542581,15.13264914,76.81957407,1486.72329,939.2028447,527.7186434,13.1701575,66.85715632,4006.927355,507.6412817,65.01369927,31.01827114
World,2021,2845.562651,71.65877299,357.451887,31444.354,609.5905186,15.35109711,76.57511287,1486.72329,920.4689037,526.0659976,13.24772937,66.08298836,3970.989918,498.8250176,66.16629633,31.27638119
World,2022,2851.590176,71.47299308,355.2206496,31444.354,609.8939202,15.28653883,75.974071,1486.72329,924.0213075,527.2330477,13.21470536,65.67706231,3989.745011,496.9998237,68.03380739,31.07732098
